rank,name,conf,win_loss,adjEM,adjO,adjD,adjT,luck,adjEM,oppO,oppD,noncon_adjEM,misc,
1, Gonzaga, WCC, 37-2, +2.99, 118.4, 86.3, 70.1, +.020, +2.99, 106.2, 103.3, +1.01, 104.7^68.1^17.3^50.5^18.5^29.3^35.3^35.0^49.3^70.4^9.2^8.7^36.4^52.4^30.4^49.8^19.8^104.7^0.0^0.0^31.9^1.7^49.5^76.8^20.1
2, Villanova, BE, 32-4, +9.33, 122.4, 92.5, 64.1, +.010, +9.33, 109.8, 100.5, +3.55, 104.7^68.1^17.3^50.5^18.5^29.3^35.3^35.0^49.3^70.4^9.2^8.7^36.4^52.4^30.4^49.8^19.8^104.7^0.0^0.0^31.9^1.7^49.5^76.8^20.1
3, North Carolina, ACC, 33-7, +12.49, 120.7, 92.5, 71.3, +.037, +12.49, 112.0, 99.5, +3.87, 104.7^68.1^17.3^50.5^18.5^29.3^35.3^35.0^49.3^70.4^9.2^8.7^36.4^52.4^30.4^49.8^19.8^104.7^0.0^0.0^31.9^1.7^49.5^76.8^20.1
4, Kentucky, SEC, 32-6, +10.98, 119.1, 91.4, 72.0, +.006, +10.98, 110.5, 99.5, +3.74, 104.7^68.1^17.3^50.5^18.5^29.3^35.3^35.0^49.3^70.4^9.2^8.7^36.4^52.4^30.4^49.8^19.8^104.7^0.0^0.0^31.9^1.7^49.5^76.8^20.1
5, Florida, SEC, 27-9, +12.46, 116.9, 89.5, 69.0, -.041, +12.46, 110.3, 97.8, +8.19, 104.7^68.1^17.3^50.5^18.5^29.3^35.3^35.0^49.3^70.4^9.2^8.7^36.4^52.4^30.4^49.8^19.8^104.7^0.0^0.0^31.9^1.7^49.5^76.8^20.1
6, Kansas, B12, 31-5, +12.43, 121.9, 94.5, 70.2, +.067, +12.43, 111.2, 98.8, +2.39, 104.7^68.1^17.3^50.5^18.5^29.3^35.3^35.0^49.3^70.4^9.2^8.7^36.4^52.4^30.4^49.8^19.8^104.7^0.0^0.0^31.9^1.7^49.5^76.8^20.1
7, West Virginia, B12, 28-9, +10.84, 116.5, 89.4, 69.9, -.043, +10.84, 110.1, 99.2, -7.97, 104.7^68.1^17.3^50.5^18.5^29.3^35.3^35.0^49.3^70.4^9.2^8.7^36.4^52.4^30.4^49.8^19.8^104.7^0.0^0.0^31.9^1.7^49.5^76.8^20.1
8, Wichita St., MVC, 31-5, +1.50, 118.7, 92.6, 68.0, -.021, +1.50, 105.0, 103.5, -0.32, 104.7^68.1^17.3^50.5^18.5^29.3^35.3^35.0^49.3^70.4^9.2^8.7^36.4^52.4^30.4^49.8^19.8^104.7^0.0^0.0^31.9^1.7^49.5^76.8^20.1
9, Louisville, ACC, 25-9, +11.14, 117.2, 91.7, 67.9, -.023, +11.14, 111.6, 100.5, +4.20, 104.7^68.1^17.3^50.5^18.5^29.3^35.3^35.0^49.3^70.4^9.2^8.7^36.4^52.4^30.4^49.8^19.8^104.7^0.0^0.0^31.9^1.7^49.5^76.8^20.1
10, Oregon, P12, 33-6, +8.05, 118.2, 93.2, 67.0, +.034, +8.05, 109.2, 101.2, +0.51, 104.7^68.1^17.3^50.5^18.5^29.3^35.3^35.0^49.3^70.4^9.2^8.7^36.4^52.4^30.4^49.8^19.8^104.7^0.0^0.0^31.9^1.7^49.5^76.8^20.1
11, SMU, Amer, 30-5, +3.25, 119.8, 95.0, 63.5, +.003, +3.25, 105.3, 102.1, -0.92, 104.7^68.1^17.3^50.5^18.5^29.3^35.3^35.0^49.3^70.4^9.2^8.7^36.4^52.4^30.4^49.8^19.8^104.7^0.0^0.0^31.9^1.7^49.5^76.8^20.1
12, Virginia, ACC, 23-11, +11.68, 112.2, 88.0, 59.2, -.030, +11.68, 111.5, 99.8, +2.29, 104.7^68.1^17.3^50.5^18.5^29.3^35.3^35.0^49.3^70.4^9.2^8.7^36.4^52.4^30.4^49.8^19.8^104.7^0.0^0.0^31.9^1.7^49.5^76.8^20.1
13, Baylor, B12, 27-8, +13.08, 117.1, 92.9, 63.7, +.023, +13.08, 111.7, 98.6, +1.67, 104.7^68.1^17.3^50.5^18.5^29.3^35.3^35.0^49.3^70.4^9.2^8.7^36.4^52.4^30.4^49.8^19.8^104.7^0.0^0.0^31.9^1.7^49.5^76.8^20.1
14, Duke, ACC, 28-9, +11.43, 121.0, 96.8, 68.3, +.014, +11.43, 111.0, 99.6, +0.03, 104.7^68.1^17.3^50.5^18.5^29.3^35.3^35.0^49.3^70.4^9.2^8.7^36.4^52.4^30.4^49.8^19.8^104.7^0.0^0.0^31.9^1.7^49.5^76.8^20.1
15, Saint Mary's, WCC, 29-5, +0.41, 118.7, 95.0, 60.2, +.030, +0.41, 104.3, 103.9, -4.13, 104.7^68.1^17.3^50.5^18.5^29.3^35.3^35.0^49.3^70.4^9.2^8.7^36.4^52.4^30.4^49.8^19.8^104.7^0.0^0.0^31.9^1.7^49.5^76.8^20.1
16, UCLA, P12, 31-5, +5.17, 124.0, 100.4, 72.6, +.021, +5.17, 108.0, 102.8, -4.66, 104.7^68.1^17.3^50.5^18.5^29.3^35.3^35.0^49.3^70.4^9.2^8.7^36.4^52.4^30.4^49.8^19.8^104.7^0.0^0.0^31.9^1.7^49.5^76.8^20.1
17, Iowa St., B12, 24-11, +14.05, 119.7, 96.3, 68.4, -.019, +14.05, 112.6, 98.6, -0.74, 104.7^68.1^17.3^50.5^18.5^29.3^35.3^35.0^49.3^70.4^9.2^8.7^36.4^52.4^30.4^49.8^19.8^104.7^0.0^0.0^31.9^1.7^49.5^76.8^20.1
18, Arizona, P12, 32-5, +7.13, 118.4, 95.1, 66.0, +.046, +7.13, 108.7, 101.5, +1.69, 104.7^68.1^17.3^50.5^18.5^29.3^35.3^35.0^49.3^70.4^9.2^8.7^36.4^52.4^30.4^49.8^19.8^104.7^0.0^0.0^31.9^1.7^49.5^76.8^20.1
19, Purdue, B10, 27-8, +9.00, 117.0, 93.9, 69.1, +.016, +9.00, 109.6, 100.6, -2.38, 104.7^68.1^17.3^50.5^18.5^29.3^35.3^35.0^49.3^70.4^9.2^8.7^36.4^52.4^30.4^49.8^19.8^104.7^0.0^0.0^31.9^1.7^49.5^76.8^20.1
20, Michigan, B10, 26-12, +10.76, 122.3, 99.2, 63.1, -.025, +10.76, 110.3, 99.5, -0.53, 104.7^68.1^17.3^50.5^18.5^29.3^35.3^35.0^49.3^70.4^9.2^8.7^36.4^52.4^30.4^49.8^19.8^104.7^0.0^0.0^31.9^1.7^49.5^76.8^20.1
21, Wisconsin, B10, 27-10, +10.00, 115.1, 92.1, 63.4, -.003, +10.00, 110.6, 100.6, -1.29, 104.7^68.1^17.3^50.5^18.5^29.3^35.3^35.0^49.3^70.4^9.2^8.7^36.4^52.4^30.4^49.8^19.8^104.7^0.0^0.0^31.9^1.7^49.5^76.8^20.1
22, Oklahoma St., B12, 20-13, +14.42, 126.0, 103.5, 70.4, -.071, +14.42, 112.0, 97.6, +3.07, 104.7^68.1^17.3^50.5^18.5^29.3^35.3^35.0^49.3^70.4^9.2^8.7^36.4^52.4^30.4^49.8^19.8^104.7^0.0^0.0^31.9^1.7^49.5^76.8^20.1
23, Cincinnati, Amer, 30-6, +4.17, 114.9, 92.8, 63.5, +.026, +4.17, 107.1, 103.0, -0.47, 104.7^68.1^17.3^50.5^18.5^29.3^35.3^35.0^49.3^70.4^9.2^8.7^36.4^52.4^30.4^49.8^19.8^104.7^0.0^0.0^31.9^1.7^49.5^76.8^20.1
24, South Carolina, SEC, 26-11, +10.63, 108.9, 88.1, 68.6, -.005, +10.63, 110.2, 99.5, +1.93, 104.7^68.1^17.3^50.5^18.5^29.3^35.3^35.0^49.3^70.4^9.2^8.7^36.4^52.4^30.4^49.8^19.8^104.7^0.0^0.0^31.9^1.7^49.5^76.8^20.1
25, Butler, BE, 25-9, +10.81, 117.7, 97.0, 65.9, +.002, +10.81, 110.8, 100.0, +5.12, 104.7^68.1^17.3^50.5^18.5^29.3^35.3^35.0^49.3^70.4^9.2^8.7^36.4^52.4^30.4^49.8^19.8^104.7^0.0^0.0^31.9^1.7^49.5^76.8^20.1
26, Florida St., ACC, 26-9, +8.82, 115.5, 95.5, 71.3, +.039, +8.82, 110.6, 101.8, -3.95, 104.7^68.1^17.3^50.5^18.5^29.3^35.3^35.0^49.3^70.4^9.2^8.7^36.4^52.4^30.4^49.8^19.8^104.7^0.0^0.0^31.9^1.7^49.5^76.8^20.1
27, Notre Dame, ACC, 26-10, +10.24, 118.1, 98.4, 67.0, +.024, +10.24, 110.1, 99.8, -3.85, 104.7^68.1^17.3^50.5^18.5^29.3^35.3^35.0^49.3^70.4^9.2^8.7^36.4^52.4^30.4^49.8^19.8^104.7^0.0^0.0^31.9^1.7^49.5^76.8^20.1
28, Creighton, BE, 25-10, +8.97, 115.3, 96.5, 71.2, +.004, +8.97, 110.3, 101.3, -1.24, 104.7^68.1^17.3^50.5^18.5^29.3^35.3^35.0^49.3^70.4^9.2^8.7^36.4^52.4^30.4^49.8^19.8^104.7^0.0^0.0^31.9^1.7^49.5^76.8^20.1
29, TCU, B12, 24-15, +11.28, 114.5, 97.0, 67.1, -.008, +11.28, 110.6, 99.3, -3.16, 104.7^68.1^17.3^50.5^18.5^29.3^35.3^35.0^49.3^70.4^9.2^8.7^36.4^52.4^30.4^49.8^19.8^104.7^0.0^0.0^31.9^1.7^49.5^76.8^20.1
30, Kansas St., B12, 21-14, +11.56, 113.0, 95.6, 66.2, -.029, +11.56, 110.6, 99.0, -5.31, 104.7^68.1^17.3^50.5^18.5^29.3^35.3^35.0^49.3^70.4^9.2^8.7^36.4^52.4^30.4^49.8^19.8^104.7^0.0^0.0^31.9^1.7^49.5^76.8^20.1
31, Xavier, BE, 24-14, +11.73, 115.7, 99.0, 67.2, +.044, +11.73, 111.2, 99.5, +5.32, 104.7^68.1^17.3^50.5^18.5^29.3^35.3^35.0^49.3^70.4^9.2^8.7^36.4^52.4^30.4^49.8^19.8^104.7^0.0^0.0^31.9^1.7^49.5^76.8^20.1
32, Marquette, BE, 19-13, +9.03, 120.8, 104.2, 70.1, -.058, +9.03, 109.1, 100.1, -2.16, 104.7^68.1^17.3^50.5^18.5^29.3^35.3^35.0^49.3^70.4^9.2^8.7^36.4^52.4^30.4^49.8^19.8^104.7^0.0^0.0^31.9^1.7^49.5^76.8^20.1
33, Vanderbilt, SEC, 19-16, +11.43, 112.4, 95.9, 65.8, -.048, +11.43, 110.1, 98.7, +6.30, 104.7^68.1^17.3^50.5^18.5^29.3^35.3^35.0^49.3^70.4^9.2^8.7^36.4^52.4^30.4^49.8^19.8^104.7^0.0^0.0^31.9^1.7^49.5^76.8^20.1
34, Rhode Island, A10, 25-10, +4.27, 111.5, 95.2, 66.4, -.033, +4.27, 106.8, 102.5, +1.62, 104.7^68.1^17.3^50.5^18.5^29.3^35.3^35.0^49.3^70.4^9.2^8.7^36.4^52.4^30.4^49.8^19.8^104.7^0.0^0.0^31.9^1.7^49.5^76.8^20.1
35, Arkansas, SEC, 26-10, +8.37, 116.1, 99.8, 69.7, +.086, +8.37, 108.6, 100.2, -1.55, 104.7^68.1^17.3^50.5^18.5^29.3^35.3^35.0^49.3^70.4^9.2^8.7^36.4^52.4^30.4^49.8^19.8^104.7^0.0^0.0^31.9^1.7^49.5^76.8^20.1
36, Wake Forest, ACC, 19-14, +10.54, 120.9, 104.7, 70.7, -.043, +10.54, 111.1, 100.6, +4.51, 104.7^68.1^17.3^50.5^18.5^29.3^35.3^35.0^49.3^70.4^9.2^8.7^36.4^52.4^30.4^49.8^19.8^104.7^0.0^0.0^31.9^1.7^49.5^76.8^20.1
37, Minnesota, B10, 24-10, +8.09, 109.7, 93.7, 69.5, +.022, +8.09, 108.9, 100.8, -1.81, 104.7^68.1^17.3^50.5^18.5^29.3^35.3^35.0^49.3^70.4^9.2^8.7^36.4^52.4^30.4^49.8^19.8^104.7^0.0^0.0^31.9^1.7^49.5^76.8^20.1
38, Northwestern, B10, 24-12, +8.32, 111.3, 95.5, 65.6, +.019, +8.32, 109.0, 100.7, -3.23, 104.7^68.1^17.3^50.5^18.5^29.3^35.3^35.0^49.3^70.4^9.2^8.7^36.4^52.4^30.4^49.8^19.8^104.7^0.0^0.0^31.9^1.7^49.5^76.8^20.1
39, Dayton, A10, 24-8, +3.64, 111.9, 96.3, 68.4, -.021, +3.64, 105.9, 102.3, +2.53, 104.7^68.1^17.3^50.5^18.5^29.3^35.3^35.0^49.3^70.4^9.2^8.7^36.4^52.4^30.4^49.8^19.8^104.7^0.0^0.0^31.9^1.7^49.5^76.8^20.1
40, Michigan St., B10, 20-15, +10.99, 111.4, 95.9, 66.9, -.011, +10.99, 110.6, 99.6, +4.01, 104.7^68.1^17.3^50.5^18.5^29.3^35.3^35.0^49.3^70.4^9.2^8.7^36.4^52.4^30.4^49.8^19.8^104.7^0.0^0.0^31.9^1.7^49.5^76.8^20.1
41, Texas Tech, B12, 18-14, +7.89, 112.6, 97.5, 63.8, -.082, +7.89, 109.5, 101.6, -11.69, 104.7^68.1^17.3^50.5^18.5^29.3^35.3^35.0^49.3^70.4^9.2^8.7^36.4^52.4^30.4^49.8^19.8^104.7^0.0^0.0^31.9^1.7^49.5^76.8^20.1
42, Miami FL, ACC, 21-12, +9.39, 109.9, 94.9, 63.0, +.031, +9.39, 110.7, 101.3, -4.48, 104.7^68.1^17.3^50.5^18.5^29.3^35.3^35.0^49.3^70.4^9.2^8.7^36.4^52.4^30.4^49.8^19.8^104.7^0.0^0.0^31.9^1.7^49.5^76.8^20.1
43, Middle Tennessee, CUSA, 31-5, -0.93, 112.2, 97.2, 64.6, +.011, -0.93, 104.4, 105.3, +3.86, 104.7^68.1^17.3^50.5^18.5^29.3^35.3^35.0^49.3^70.4^9.2^8.7^36.4^52.4^30.4^49.8^19.8^104.7^0.0^0.0^31.9^1.7^49.5^76.8^20.1
44, Indiana, B10, 18-16, +9.11, 116.1, 101.6, 68.4, -.090, +9.11, 109.6, 100.5, -5.48, 104.7^68.1^17.3^50.5^18.5^29.3^35.3^35.0^49.3^70.4^9.2^8.7^36.4^52.4^30.4^49.8^19.8^104.7^0.0^0.0^31.9^1.7^49.5^76.8^20.1
45, Clemson, ACC, 17-16, +10.32, 114.9, 100.5, 66.4, -.064, +10.32, 110.8, 100.5, +2.12, 104.7^68.1^17.3^50.5^18.5^29.3^35.3^35.0^49.3^70.4^9.2^8.7^36.4^52.4^30.4^49.8^19.8^104.7^0.0^0.0^31.9^1.7^49.5^76.8^20.1
46, Maryland, B10, 24-9, +7.74, 113.1, 98.7, 67.2, +.061, +7.74, 108.3, 100.6, -1.10, 104.7^68.1^17.3^50.5^18.5^29.3^35.3^35.0^49.3^70.4^9.2^8.7^36.4^52.4^30.4^49.8^19.8^104.7^0.0^0.0^31.9^1.7^49.5^76.8^20.1
47, Utah, P12, 20-12, +3.36, 113.5, 99.3, 68.7, -.099, +3.36, 106.0, 102.7, -6.19, 104.7^68.1^17.3^50.5^18.5^29.3^35.3^35.0^49.3^70.4^9.2^8.7^36.4^52.4^30.4^49.8^19.8^104.7^0.0^0.0^31.9^1.7^49.5^76.8^20.1
48, VCU, A10, 26-9, +3.65, 110.1, 96.0, 68.8, +.026, +3.65, 105.8, 102.2, +0.91, 104.7^68.1^17.3^50.5^18.5^29.3^35.3^35.0^49.3^70.4^9.2^8.7^36.4^52.4^30.4^49.8^19.8^104.7^0.0^0.0^31.9^1.7^49.5^76.8^20.1
49, Illinois St., MVC, 28-7, +0.99, 107.6, 93.6, 64.9, +.081, +0.99, 104.5, 103.5, -0.69, 104.7^68.1^17.3^50.5^18.5^29.3^35.3^35.0^49.3^70.4^9.2^8.7^36.4^52.4^30.4^49.8^19.8^104.7^0.0^0.0^31.9^1.7^49.5^76.8^20.1
50, Virginia Tech, ACC, 22-11, +8.23, 117.3, 103.5, 68.4, +.053, +8.23, 110.0, 101.7, -7.98, 104.7^68.1^17.3^50.5^18.5^29.3^35.3^35.0^49.3^70.4^9.2^8.7^36.4^52.4^30.4^49.8^19.8^104.7^0.0^0.0^31.9^1.7^49.5^76.8^20.1
51, Seton Hall, BE, 21-12, +9.65, 109.4, 95.8, 67.5, +.058, +9.65, 110.2, 100.6, -2.11, 104.7^68.1^17.3^50.5^18.5^29.3^35.3^35.0^49.3^70.4^9.2^8.7^36.4^52.4^30.4^49.8^19.8^104.7^0.0^0.0^31.9^1.7^49.5^76.8^20.1
52, Houston, Amer, 21-11, +2.32, 113.5, 99.9, 65.4, -.032, +2.32, 105.0, 102.7, -3.28, 104.7^68.1^17.3^50.5^18.5^29.3^35.3^35.0^49.3^70.4^9.2^8.7^36.4^52.4^30.4^49.8^19.8^104.7^0.0^0.0^31.9^1.7^49.5^76.8^20.1
53, USC, P12, 26-10, +5.49, 114.2, 100.7, 68.7, +.079, +5.49, 108.8, 103.3, -3.37, 104.7^68.1^17.3^50.5^18.5^29.3^35.3^35.0^49.3^70.4^9.2^8.7^36.4^52.4^30.4^49.8^19.8^104.7^0.0^0.0^31.9^1.7^49.5^76.8^20.1
54, Nevada, MWC, 28-7, +1.29, 114.6, 101.3, 69.7, +.055, +1.29, 104.5, 103.2, -1.12, 104.7^68.1^17.3^50.5^18.5^29.3^35.3^35.0^49.3^70.4^9.2^8.7^36.4^52.4^30.4^49.8^19.8^104.7^0.0^0.0^31.9^1.7^49.5^76.8^20.1
55, Syracuse, ACC, 19-15, +7.20, 115.7, 102.3, 66.8, -.048, +7.20, 108.3, 101.1, -3.21, 104.7^68.1^17.3^50.5^18.5^29.3^35.3^35.0^49.3^70.4^9.2^8.7^36.4^52.4^30.4^49.8^19.8^104.7^0.0^0.0^31.9^1.7^49.5^76.8^20.1
56, Alabama, SEC, 19-15, +7.16, 105.3, 92.2, 65.1, -.055, +7.16, 108.1, 100.9, -1.64, 104.7^68.1^17.3^50.5^18.5^29.3^35.3^35.0^49.3^70.4^9.2^8.7^36.4^52.4^30.4^49.8^19.8^104.7^0.0^0.0^31.9^1.7^49.5^76.8^20.1
57, Tennessee, SEC, 16-16, +11.20, 110.1, 97.5, 69.4, -.053, +11.20, 109.3, 98.1, +6.58, 104.7^68.1^17.3^50.5^18.5^29.3^35.3^35.0^49.3^70.4^9.2^8.7^36.4^52.4^30.4^49.8^19.8^104.7^0.0^0.0^31.9^1.7^49.5^76.8^20.1
58, Princeton, Ivy, 23-7, -1.08, 109.0, 96.4, 63.2, +.007, -1.08, 103.9, 105.0, +2.17, 104.7^68.1^17.3^50.5^18.5^29.3^35.3^35.0^49.3^70.4^9.2^8.7^36.4^52.4^30.4^49.8^19.8^104.7^0.0^0.0^31.9^1.7^49.5^76.8^20.1
59, UNC Wilmington, CAA, 29-6, +0.40, 118.0, 105.5, 70.3, +.039, +0.40, 105.1, 104.7, +2.17, 104.7^68.1^17.3^50.5^18.5^29.3^35.3^35.0^49.3^70.4^9.2^8.7^36.4^52.4^30.4^49.8^19.8^104.7^0.0^0.0^31.9^1.7^49.5^76.8^20.1
60, Providence, BE, 20-13, +7.90, 108.5, 96.0, 66.2, +.014, +7.90, 109.1, 101.2, -4.48, 104.7^68.1^17.3^50.5^18.5^29.3^35.3^35.0^49.3^70.4^9.2^8.7^36.4^52.4^30.4^49.8^19.8^104.7^0.0^0.0^31.9^1.7^49.5^76.8^20.1
61, Georgia, SEC, 19-15, +10.96, 108.7, 96.3, 67.1, +.015, +10.96, 109.9, 99.0, +4.54, 104.7^68.1^17.3^50.5^18.5^29.3^35.3^35.0^49.3^70.4^9.2^8.7^36.4^52.4^30.4^49.8^19.8^104.7^0.0^0.0^31.9^1.7^49.5^76.8^20.1
62, California, P12, 21-13, +5.01, 104.9, 92.7, 65.7, -.012, +5.01, 107.1, 102.1, -2.42, 104.7^68.1^17.3^50.5^18.5^29.3^35.3^35.0^49.3^70.4^9.2^8.7^36.4^52.4^30.4^49.8^19.8^104.7^0.0^0.0^31.9^1.7^49.5^76.8^20.1
63, Vermont, AE, 29-6, -4.42, 111.1, 99.4, 64.5, +.053, -4.42, 103.0, 107.4, +1.65, 104.7^68.1^17.3^50.5^18.5^29.3^35.3^35.0^49.3^70.4^9.2^8.7^36.4^52.4^30.4^49.8^19.8^104.7^0.0^0.0^31.9^1.7^49.5^76.8^20.1
64, Texas A&M, SEC, 16-15, +7.97, 108.7, 97.3, 64.5, -.042, +7.97, 109.4, 101.5, -1.94, 104.7^68.1^17.3^50.5^18.5^29.3^35.3^35.0^49.3^70.4^9.2^8.7^36.4^52.4^30.4^49.8^19.8^104.7^0.0^0.0^31.9^1.7^49.5^76.8^20.1
65, Oklahoma, B12, 11-20, +14.13, 107.4, 95.9, 70.0, -.102, +14.13, 112.5, 98.3, +1.16, 104.7^68.1^17.3^50.5^18.5^29.3^35.3^35.0^49.3^70.4^9.2^8.7^36.4^52.4^30.4^49.8^19.8^104.7^0.0^0.0^31.9^1.7^49.5^76.8^20.1
66, Illinois, B10, 20-15, +8.41, 107.2, 95.8, 66.7, +.028, +8.41, 109.6, 101.2, -0.16, 104.7^68.1^17.3^50.5^18.5^29.3^35.3^35.0^49.3^70.4^9.2^8.7^36.4^52.4^30.4^49.8^19.8^104.7^0.0^0.0^31.9^1.7^49.5^76.8^20.1
67, East Tennessee St., SC, 27-8, -1.17, 108.0, 96.9, 70.1, +.005, -1.17, 105.4, 106.6, +0.38, 104.7^68.1^17.3^50.5^18.5^29.3^35.3^35.0^49.3^70.4^9.2^8.7^36.4^52.4^30.4^49.8^19.8^104.7^0.0^0.0^31.9^1.7^49.5^76.8^20.1
68, UCF, Amer, 24-12, +2.82, 104.2, 93.3, 66.0, +.022, +2.82, 105.4, 102.6, -6.71, 104.7^68.1^17.3^50.5^18.5^29.3^35.3^35.0^49.3^70.4^9.2^8.7^36.4^52.4^30.4^49.8^19.8^104.7^0.0^0.0^31.9^1.7^49.5^76.8^20.1
69, Georgetown, BE, 14-18, +9.68, 108.4, 97.7, 68.6, -.102, +9.68, 110.9, 101.3, +1.85, 104.7^68.1^17.3^50.5^18.5^29.3^35.3^35.0^49.3^70.4^9.2^8.7^36.4^52.4^30.4^49.8^19.8^104.7^0.0^0.0^31.9^1.7^49.5^76.8^20.1
70, Texas, B12, 11-22, +13.92, 104.2, 93.7, 67.6, -.105, +13.92, 112.8, 98.9, +1.81, 104.7^68.1^17.3^50.5^18.5^29.3^35.3^35.0^49.3^70.4^9.2^8.7^36.4^52.4^30.4^49.8^19.8^104.7^0.0^0.0^31.9^1.7^49.5^76.8^20.1
71, Iowa, B10, 19-15, +6.95, 113.0, 102.5, 71.2, +.011, +6.95, 108.0, 101.1, -3.60, 104.7^68.1^17.3^50.5^18.5^29.3^35.3^35.0^49.3^70.4^9.2^8.7^36.4^52.4^30.4^49.8^19.8^104.7^0.0^0.0^31.9^1.7^49.5^76.8^20.1
72, Colorado, P12, 19-15, +5.25, 112.6, 102.3, 67.7, -.050, +5.25, 107.7, 102.4, -0.92, 104.7^68.1^17.3^50.5^18.5^29.3^35.3^35.0^49.3^70.4^9.2^8.7^36.4^52.4^30.4^49.8^19.8^104.7^0.0^0.0^31.9^1.7^49.5^76.8^20.1
73, Ohio St., B10, 17-15, +6.78, 111.2, 101.0, 68.0, -.054, +6.78, 107.4, 100.6, -4.55, 104.7^68.1^17.3^50.5^18.5^29.3^35.3^35.0^49.3^70.4^9.2^8.7^36.4^52.4^30.4^49.8^19.8^104.7^0.0^0.0^31.9^1.7^49.5^76.8^20.1
74, Mississippi, SEC, 22-14, +7.31, 111.1, 100.9, 71.6, +.062, +7.31, 107.8, 100.5, -0.73, 104.7^68.1^17.3^50.5^18.5^29.3^35.3^35.0^49.3^70.4^9.2^8.7^36.4^52.4^30.4^49.8^19.8^104.7^0.0^0.0^31.9^1.7^49.5^76.8^20.1
75, UT Arlington, SB, 27-9, -0.01, 110.6, 100.8, 70.6, +.038, -0.01, 104.0, 104.0, +6.30, 104.7^68.1^17.3^50.5^18.5^29.3^35.3^35.0^49.3^70.4^9.2^8.7^36.4^52.4^30.4^49.8^19.8^104.7^0.0^0.0^31.9^1.7^49.5^76.8^20.1
76, Bucknell, Pat, 26-9, -3.62, 109.7, 100.3, 70.0, +.006, -3.62, 101.4, 105.0, +0.89, 104.7^68.1^17.3^50.5^18.5^29.3^35.3^35.0^49.3^70.4^9.2^8.7^36.4^52.4^30.4^49.8^19.8^104.7^0.0^0.0^31.9^1.7^49.5^76.8^20.1
77, Georgia Tech, ACC, 21-16, +8.41, 100.0, 91.0, 68.2, +.069, +8.41, 110.2, 101.7, -5.28, 104.7^68.1^17.3^50.5^18.5^29.3^35.3^35.0^49.3^70.4^9.2^8.7^36.4^52.4^30.4^49.8^19.8^104.7^0.0^0.0^31.9^1.7^49.5^76.8^20.1
78, San Diego St., MWC, 19-14, +0.95, 104.0, 95.1, 64.9, -.101, +0.95, 104.5, 103.6, -1.88, 104.7^68.1^17.3^50.5^18.5^29.3^35.3^35.0^49.3^70.4^9.2^8.7^36.4^52.4^30.4^49.8^19.8^104.7^0.0^0.0^31.9^1.7^49.5^76.8^20.1
79, Pittsburgh, ACC, 16-17, +10.42, 112.4, 103.7, 65.4, +.044, +10.42, 110.9, 100.4, +0.08, 104.7^68.1^17.3^50.5^18.5^29.3^35.3^35.0^49.3^70.4^9.2^8.7^36.4^52.4^30.4^49.8^19.8^104.7^0.0^0.0^31.9^1.7^49.5^76.8^20.1
80, BYU, WCC, 22-12, +0.24, 109.1, 100.5, 75.6, +.006, +0.24, 104.2, 104.0, -1.86, 104.7^68.1^17.3^50.5^18.5^29.3^35.3^35.0^49.3^70.4^9.2^8.7^36.4^52.4^30.4^49.8^19.8^104.7^0.0^0.0^31.9^1.7^49.5^76.8^20.1
81, Monmouth, MAAC, 27-7, -2.63, 109.1, 100.5, 72.4, +.070, -2.63, 103.6, 106.2, +2.02, 104.7^68.1^17.3^50.5^18.5^29.3^35.3^35.0^49.3^70.4^9.2^8.7^36.4^52.4^30.4^49.8^19.8^104.7^0.0^0.0^31.9^1.7^49.5^76.8^20.1
82, Auburn, SEC, 18-14, +6.99, 111.9, 103.3, 73.6, +.045, +6.99, 107.5, 100.5, +1.35, 104.7^68.1^17.3^50.5^18.5^29.3^35.3^35.0^49.3^70.4^9.2^8.7^36.4^52.4^30.4^49.8^19.8^104.7^0.0^0.0^31.9^1.7^49.5^76.8^20.1
83, Belmont, OVC, 23-7, -1.36, 110.8, 102.7, 68.0, +.069, -1.36, 103.9, 105.2, +3.64, 104.7^68.1^17.3^50.5^18.5^29.3^35.3^35.0^49.3^70.4^9.2^8.7^36.4^52.4^30.4^49.8^19.8^104.7^0.0^0.0^31.9^1.7^49.5^76.8^20.1
84, New Mexico St., WAC, 28-6, -4.52, 110.5, 102.6, 67.9, +.063, -4.52, 101.0, 105.6, -4.82, 104.7^68.1^17.3^50.5^18.5^29.3^35.3^35.0^49.3^70.4^9.2^8.7^36.4^52.4^30.4^49.8^19.8^104.7^0.0^0.0^31.9^1.7^49.5^76.8^20.1
85, Davidson, A10, 17-15, +4.23, 108.4, 100.7, 68.5, -.031, +4.23, 106.9, 102.6, +1.87, 104.7^68.1^17.3^50.5^18.5^29.3^35.3^35.0^49.3^70.4^9.2^8.7^36.4^52.4^30.4^49.8^19.8^104.7^0.0^0.0^31.9^1.7^49.5^76.8^20.1
86, Colorado St., MWC, 24-12, +1.28, 108.5, 100.9, 66.7, +.024, +1.28, 104.3, 103.0, -1.29, 104.7^68.1^17.3^50.5^18.5^29.3^35.3^35.0^49.3^70.4^9.2^8.7^36.4^52.4^30.4^49.8^19.8^104.7^0.0^0.0^31.9^1.7^49.5^76.8^20.1
87, Penn St., B10, 15-18, +8.52, 104.5, 97.2, 70.4, -.013, +8.52, 108.5, 100.0, +0.43, 104.7^68.1^17.3^50.5^18.5^29.3^35.3^35.0^49.3^70.4^9.2^8.7^36.4^52.4^30.4^49.8^19.8^104.7^0.0^0.0^31.9^1.7^49.5^76.8^20.1
88, Mississippi St., SEC, 16-16, +5.29, 106.6, 99.3, 68.9, -.032, +5.29, 106.3, 101.0, -6.24, 104.7^68.1^17.3^50.5^18.5^29.3^35.3^35.0^49.3^70.4^9.2^8.7^36.4^52.4^30.4^49.8^19.8^104.7^0.0^0.0^31.9^1.7^49.5^76.8^20.1
89, College of Charleston, CAA, 25-10, -0.07, 106.2, 98.9, 64.5, +.054, -0.07, 105.8, 105.8, -0.04, 104.7^68.1^17.3^50.5^18.5^29.3^35.3^35.0^49.3^70.4^9.2^8.7^36.4^52.4^30.4^49.8^19.8^104.7^0.0^0.0^31.9^1.7^49.5^76.8^20.1
90, Cal St. Bakersfield, WAC, 25-10, -0.84, 100.9, 93.7, 67.2, +.014, -0.84, 103.0, 103.8, -1.22, 104.7^68.1^17.3^50.5^18.5^29.3^35.3^35.0^49.3^70.4^9.2^8.7^36.4^52.4^30.4^49.8^19.8^104.7^0.0^0.0^31.9^1.7^49.5^76.8^20.1
91, St. Bonaventure, A10, 20-12, +0.05, 109.0, 101.8, 68.8, -.027, +0.05, 104.7, 104.7, -4.39, 104.7^68.1^17.3^50.5^18.5^29.3^35.3^35.0^49.3^70.4^9.2^8.7^36.4^52.4^30.4^49.8^19.8^104.7^0.0^0.0^31.9^1.7^49.5^76.8^20.1
92, Richmond, A10, 22-13, +2.92, 110.0, 102.8, 68.9, +.043, +2.92, 105.4, 102.4, -1.89, 104.7^68.1^17.3^50.5^18.5^29.3^35.3^35.0^49.3^70.4^9.2^8.7^36.4^52.4^30.4^49.8^19.8^104.7^0.0^0.0^31.9^1.7^49.5^76.8^20.1
93, Louisiana Tech, CUSA, 23-10, -5.77, 107.9, 100.9, 68.5, -.062, -5.77, 100.9, 106.7, -6.32, 104.7^68.1^17.3^50.5^18.5^29.3^35.3^35.0^49.3^70.4^9.2^8.7^36.4^52.4^30.4^49.8^19.8^104.7^0.0^0.0^31.9^1.7^49.5^76.8^20.1
94, Boise St., MWC, 20-12, +3.39, 109.2, 102.2, 69.5, +.032, +3.39, 106.1, 102.7, +1.38, 104.7^68.1^17.3^50.5^18.5^29.3^35.3^35.0^49.3^70.4^9.2^8.7^36.4^52.4^30.4^49.8^19.8^104.7^0.0^0.0^31.9^1.7^49.5^76.8^20.1
95, Saint Peter's, MAAC, 23-13, -2.64, 102.5, 95.9, 61.3, -.024, -2.64, 104.0, 106.6, -2.34, 104.7^68.1^17.3^50.5^18.5^29.3^35.3^35.0^49.3^70.4^9.2^8.7^36.4^52.4^30.4^49.8^19.8^104.7^0.0^0.0^31.9^1.7^49.5^76.8^20.1
96, Connecticut, Amer, 16-17, +5.67, 105.2, 98.7, 65.0, -.047, +5.67, 107.4, 101.7, +5.25, 104.7^68.1^17.3^50.5^18.5^29.3^35.3^35.0^49.3^70.4^9.2^8.7^36.4^52.4^30.4^49.8^19.8^104.7^0.0^0.0^31.9^1.7^49.5^76.8^20.1
97, Loyola Chicago, MVC, 18-14, -0.50, 108.9, 102.5, 65.8, -.104, -0.50, 103.4, 103.9, -4.35, 104.7^68.1^17.3^50.5^18.5^29.3^35.3^35.0^49.3^70.4^9.2^8.7^36.4^52.4^30.4^49.8^19.8^104.7^0.0^0.0^31.9^1.7^49.5^76.8^20.1
98, Fresno St., MWC, 20-13, +2.50, 104.6, 98.2, 68.5, -.001, +2.50, 105.8, 103.3, -2.36, 104.7^68.1^17.3^50.5^18.5^29.3^35.3^35.0^49.3^70.4^9.2^8.7^36.4^52.4^30.4^49.8^19.8^104.7^0.0^0.0^31.9^1.7^49.5^76.8^20.1
99, St. John's, BE, 14-19, +9.18, 109.0, 102.7, 73.3, -.039, +9.18, 109.6, 100.4, -2.77, 104.7^68.1^17.3^50.5^18.5^29.3^35.3^35.0^49.3^70.4^9.2^8.7^36.4^52.4^30.4^49.8^19.8^104.7^0.0^0.0^31.9^1.7^49.5^76.8^20.1
100, Akron, MAC, 27-9, -1.48, 112.6, 106.4, 66.3, +.084, -1.48, 104.2, 105.7, -5.23, 104.7^68.1^17.3^50.5^18.5^29.3^35.3^35.0^49.3^70.4^9.2^8.7^36.4^52.4^30.4^49.8^19.8^104.7^0.0^0.0^31.9^1.7^49.5^76.8^20.1
101, Memphis, Amer, 19-13, +1.65, 107.0, 101.0, 68.4, +.026, +1.65, 104.7, 103.0, -4.46, 104.7^68.1^17.3^50.5^18.5^29.3^35.3^35.0^49.3^70.4^9.2^8.7^36.4^52.4^30.4^49.8^19.8^104.7^0.0^0.0^31.9^1.7^49.5^76.8^20.1
102, Stanford, P12, 14-17, +8.53, 104.8, 98.9, 68.3, -.008, +8.53, 110.2, 101.6, +6.04, 104.7^68.1^17.3^50.5^18.5^29.3^35.3^35.0^49.3^70.4^9.2^8.7^36.4^52.4^30.4^49.8^19.8^104.7^0.0^0.0^31.9^1.7^49.5^76.8^20.1
103, Oakland, Horz, 25-9, -4.10, 105.0, 99.1, 71.9, -.011, -4.10, 102.8, 106.9, -5.42, 104.7^68.1^17.3^50.5^18.5^29.3^35.3^35.0^49.3^70.4^9.2^8.7^36.4^52.4^30.4^49.8^19.8^104.7^0.0^0.0^31.9^1.7^49.5^76.8^20.1
104, Valparaiso, Horz, 24-9, -2.87, 106.3, 100.5, 67.2, +.069, -2.87, 103.0, 105.8, +0.08, 104.7^68.1^17.3^50.5^18.5^29.3^35.3^35.0^49.3^70.4^9.2^8.7^36.4^52.4^30.4^49.8^19.8^104.7^0.0^0.0^31.9^1.7^49.5^76.8^20.1
105, Ohio, MAC, 20-11, -2.90, 105.6, 99.9, 70.4, -.072, -2.90, 103.5, 106.4, -6.82, 104.7^68.1^17.3^50.5^18.5^29.3^35.3^35.0^49.3^70.4^9.2^8.7^36.4^52.4^30.4^49.8^19.8^104.7^0.0^0.0^31.9^1.7^49.5^76.8^20.1
106, Furman, SC, 23-12, -1.50, 107.0, 101.7, 66.1, +.010, -1.50, 104.6, 106.1, +0.19, 104.7^68.1^17.3^50.5^18.5^29.3^35.3^35.0^49.3^70.4^9.2^8.7^36.4^52.4^30.4^49.8^19.8^104.7^0.0^0.0^31.9^1.7^49.5^76.8^20.1
107, Nebraska, B10, 12-19, +11.37, 105.0, 99.8, 68.1, +.011, +11.37, 111.2, 99.8, +6.66, 104.7^68.1^17.3^50.5^18.5^29.3^35.3^35.0^49.3^70.4^9.2^8.7^36.4^52.4^30.4^49.8^19.8^104.7^0.0^0.0^31.9^1.7^49.5^76.8^20.1
108, Florida Gulf Coast, ASun, 26-8, -4.80, 109.4, 104.4, 65.9, +.037, -4.80, 103.7, 108.5, +2.14, 104.7^68.1^17.3^50.5^18.5^29.3^35.3^35.0^49.3^70.4^9.2^8.7^36.4^52.4^30.4^49.8^19.8^104.7^0.0^0.0^31.9^1.7^49.5^76.8^20.1
109, North Carolina St., ACC, 15-17, +7.58, 112.6, 107.6, 70.3, +.019, +7.58, 108.6, 101.0, -6.15, 104.7^68.1^17.3^50.5^18.5^29.3^35.3^35.0^49.3^70.4^9.2^8.7^36.4^52.4^30.4^49.8^19.8^104.7^0.0^0.0^31.9^1.7^49.5^76.8^20.1
110, UNC Asheville, BSth, 23-10, -4.96, 107.4, 102.5, 68.3, +.012, -4.96, 102.0, 107.0, +6.43, 104.7^68.1^17.3^50.5^18.5^29.3^35.3^35.0^49.3^70.4^9.2^8.7^36.4^52.4^30.4^49.8^19.8^104.7^0.0^0.0^31.9^1.7^49.5^76.8^20.1
111, San Francisco, WCC, 20-13, -1.24, 102.8, 98.0, 69.1, +.008, -1.24, 104.0, 105.2, -5.69, 104.7^68.1^17.3^50.5^18.5^29.3^35.3^35.0^49.3^70.4^9.2^8.7^36.4^52.4^30.4^49.8^19.8^104.7^0.0^0.0^31.9^1.7^49.5^76.8^20.1
112, Harvard, Ivy, 18-10, -2.82, 106.7, 101.9, 67.0, -.070, -2.82, 102.9, 105.7, -0.82, 104.7^68.1^17.3^50.5^18.5^29.3^35.3^35.0^49.3^70.4^9.2^8.7^36.4^52.4^30.4^49.8^19.8^104.7^0.0^0.0^31.9^1.7^49.5^76.8^20.1
113, Winthrop, BSth, 26-7, -7.13, 106.1, 101.6, 71.1, +.029, -7.13, 100.7, 107.8, +1.93, 104.7^68.1^17.3^50.5^18.5^29.3^35.3^35.0^49.3^70.4^9.2^8.7^36.4^52.4^30.4^49.8^19.8^104.7^0.0^0.0^31.9^1.7^49.5^76.8^20.1
114, Chattanooga, SC, 19-12, -1.12, 106.6, 102.3, 65.5, -.010, -1.12, 105.5, 106.6, +2.21, 104.7^68.1^17.3^50.5^18.5^29.3^35.3^35.0^49.3^70.4^9.2^8.7^36.4^52.4^30.4^49.8^19.8^104.7^0.0^0.0^31.9^1.7^49.5^76.8^20.1
115, Lehigh, Pat, 20-12, -2.53, 107.5, 103.3, 69.6, -.034, -2.53, 101.9, 104.4, +3.52, 104.7^68.1^17.3^50.5^18.5^29.3^35.3^35.0^49.3^70.4^9.2^8.7^36.4^52.4^30.4^49.8^19.8^104.7^0.0^0.0^31.9^1.7^49.5^76.8^20.1
116, Towson, CAA, 20-13, -0.59, 105.5, 101.2, 67.9, -.009, -0.59, 105.1, 105.7, -1.51, 104.7^68.1^17.3^50.5^18.5^29.3^35.3^35.0^49.3^70.4^9.2^8.7^36.4^52.4^30.4^49.8^19.8^104.7^0.0^0.0^31.9^1.7^49.5^76.8^20.1
117, Iona, MAAC, 22-13, -1.94, 110.8, 106.6, 70.6, +.013, -1.94, 103.7, 105.7, -0.05, 104.7^68.1^17.3^50.5^18.5^29.3^35.3^35.0^49.3^70.4^9.2^8.7^36.4^52.4^30.4^49.8^19.8^104.7^0.0^0.0^31.9^1.7^49.5^76.8^20.1
118, Temple, Amer, 16-16, +3.27, 108.3, 104.3, 67.1, +.015, +3.27, 105.0, 101.8, +0.71, 104.7^68.1^17.3^50.5^18.5^29.3^35.3^35.0^49.3^70.4^9.2^8.7^36.4^52.4^30.4^49.8^19.8^104.7^0.0^0.0^31.9^1.7^49.5^76.8^20.1
119, New Mexico, MWC, 17-14, +2.14, 106.5, 103.1, 68.8, +.024, +2.14, 105.4, 103.2, -1.32, 104.7^68.1^17.3^50.5^18.5^29.3^35.3^35.0^49.3^70.4^9.2^8.7^36.4^52.4^30.4^49.8^19.8^104.7^0.0^0.0^31.9^1.7^49.5^76.8^20.1
120, Old Dominion, CUSA, 19-12, -2.40, 100.7, 97.2, 61.1, -.013, -2.40, 104.0, 106.4, +1.50, 104.7^68.1^17.3^50.5^18.5^29.3^35.3^35.0^49.3^70.4^9.2^8.7^36.4^52.4^30.4^49.8^19.8^104.7^0.0^0.0^31.9^1.7^49.5^76.8^20.1
121, UNC Greensboro, SC, 25-10, -1.56, 107.7, 104.5, 66.9, +.110, -1.56, 104.9, 106.4, -1.63, 104.7^68.1^17.3^50.5^18.5^29.3^35.3^35.0^49.3^70.4^9.2^8.7^36.4^52.4^30.4^49.8^19.8^104.7^0.0^0.0^31.9^1.7^49.5^76.8^20.1
122, Buffalo, MAC, 17-15, -0.41, 105.3, 102.2, 71.4, -.053, -0.41, 105.3, 105.7, +2.55, 104.7^68.1^17.3^50.5^18.5^29.3^35.3^35.0^49.3^70.4^9.2^8.7^36.4^52.4^30.4^49.8^19.8^104.7^0.0^0.0^31.9^1.7^49.5^76.8^20.1
123, George Mason, A10, 20-14, +0.53, 107.3, 104.2, 68.8, +.027, +0.53, 103.5, 103.0, -3.55, 104.7^68.1^17.3^50.5^18.5^29.3^35.3^35.0^49.3^70.4^9.2^8.7^36.4^52.4^30.4^49.8^19.8^104.7^0.0^0.0^31.9^1.7^49.5^76.8^20.1
124, Arkansas St., SB, 20-12, -1.48, 106.3, 103.3, 67.3, +.022, -1.48, 103.6, 105.0, +3.26, 104.7^68.1^17.3^50.5^18.5^29.3^35.3^35.0^49.3^70.4^9.2^8.7^36.4^52.4^30.4^49.8^19.8^104.7^0.0^0.0^31.9^1.7^49.5^76.8^20.1
125, Santa Clara, WCC, 17-16, +0.38, 105.5, 102.7, 62.6, -.014, +0.38, 103.5, 103.2, -4.47, 104.7^68.1^17.3^50.5^18.5^29.3^35.3^35.0^49.3^70.4^9.2^8.7^36.4^52.4^30.4^49.8^19.8^104.7^0.0^0.0^31.9^1.7^49.5^76.8^20.1
126, Arizona St., P12, 15-18, +6.49, 111.9, 109.1, 70.0, +.035, +6.49, 108.6, 102.1, -1.06, 104.7^68.1^17.3^50.5^18.5^29.3^35.3^35.0^49.3^70.4^9.2^8.7^36.4^52.4^30.4^49.8^19.8^104.7^0.0^0.0^31.9^1.7^49.5^76.8^20.1
127, Wyoming, MWC, 23-15, -1.08, 104.8, 102.0, 72.9, -.004, -1.08, 104.1, 105.2, -2.10, 104.7^68.1^17.3^50.5^18.5^29.3^35.3^35.0^49.3^70.4^9.2^8.7^36.4^52.4^30.4^49.8^19.8^104.7^0.0^0.0^31.9^1.7^49.5^76.8^20.1
128, Toledo, MAC, 17-17, -0.96, 108.8, 106.1, 66.4, -.081, -0.96, 105.0, 106.0, +0.52, 104.7^68.1^17.3^50.5^18.5^29.3^35.3^35.0^49.3^70.4^9.2^8.7^36.4^52.4^30.4^49.8^19.8^104.7^0.0^0.0^31.9^1.7^49.5^76.8^20.1
129, Albany, AE, 21-14, -5.16, 107.5, 104.9, 64.2, -.038, -5.16, 101.8, 106.9, -2.00, 104.7^68.1^17.3^50.5^18.5^29.3^35.3^35.0^49.3^70.4^9.2^8.7^36.4^52.4^30.4^49.8^19.8^104.7^0.0^0.0^31.9^1.7^49.5^76.8^20.1
130, Utah St., MWC, 15-17, +1.99, 106.9, 104.5, 66.6, -.066, +1.99, 105.1, 103.1, -0.45, 104.7^68.1^17.3^50.5^18.5^29.3^35.3^35.0^49.3^70.4^9.2^8.7^36.4^52.4^30.4^49.8^19.8^104.7^0.0^0.0^31.9^1.7^49.5^76.8^20.1
131, Georgia St., SB, 20-13, -1.27, 103.9, 101.5, 68.6, +.014, -1.27, 104.3, 105.6, +2.23, 104.7^68.1^17.3^50.5^18.5^29.3^35.3^35.0^49.3^70.4^9.2^8.7^36.4^52.4^30.4^49.8^19.8^104.7^0.0^0.0^31.9^1.7^49.5^76.8^20.1
132, George Washington, A10, 20-15, +1.38, 107.7, 105.3, 65.8, +.067, +1.38, 104.4, 103.0, -1.71, 104.7^68.1^17.3^50.5^18.5^29.3^35.3^35.0^49.3^70.4^9.2^8.7^36.4^52.4^30.4^49.8^19.8^104.7^0.0^0.0^31.9^1.7^49.5^76.8^20.1
133, William & Mary, CAA, 17-14, +0.51, 111.9, 109.7, 70.9, -.003, +0.51, 105.8, 105.3, +1.05, 104.7^68.1^17.3^50.5^18.5^29.3^35.3^35.0^49.3^70.4^9.2^8.7^36.4^52.4^30.4^49.8^19.8^104.7^0.0^0.0^31.9^1.7^49.5^76.8^20.1
134, Missouri St., MVC, 17-16, -0.26, 108.3, 106.0, 66.2, -.055, -0.26, 103.6, 103.9, -6.25, 104.7^68.1^17.3^50.5^18.5^29.3^35.3^35.0^49.3^70.4^9.2^8.7^36.4^52.4^30.4^49.8^19.8^104.7^0.0^0.0^31.9^1.7^49.5^76.8^20.1
135, Rutgers, B10, 15-18, +6.70, 101.5, 99.3, 66.2, +.006, +6.70, 107.5, 100.8, -9.39, 104.7^68.1^17.3^50.5^18.5^29.3^35.3^35.0^49.3^70.4^9.2^8.7^36.4^52.4^30.4^49.8^19.8^104.7^0.0^0.0^31.9^1.7^49.5^76.8^20.1
136, Elon, CAA, 18-14, -0.77, 104.4, 102.2, 67.8, -.021, -0.77, 105.4, 106.2, -1.75, 104.7^68.1^17.3^50.5^18.5^29.3^35.3^35.0^49.3^70.4^9.2^8.7^36.4^52.4^30.4^49.8^19.8^104.7^0.0^0.0^31.9^1.7^49.5^76.8^20.1
137, Troy, SB, 22-15, -2.86, 109.7, 107.6, 68.1, -.023, -2.86, 102.4, 105.3, -6.78, 104.7^68.1^17.3^50.5^18.5^29.3^35.3^35.0^49.3^70.4^9.2^8.7^36.4^52.4^30.4^49.8^19.8^104.7^0.0^0.0^31.9^1.7^49.5^76.8^20.1
138, Northern Kentucky, Horz, 24-11, -3.35, 106.8, 104.9, 68.0, +.073, -3.35, 102.9, 106.3, -2.55, 104.7^68.1^17.3^50.5^18.5^29.3^35.3^35.0^49.3^70.4^9.2^8.7^36.4^52.4^30.4^49.8^19.8^104.7^0.0^0.0^31.9^1.7^49.5^76.8^20.1
139, UC Irvine, BW, 21-15, -3.29, 101.8, 100.0, 66.5, -.011, -3.29, 102.4, 105.7, +6.93, 104.7^68.1^17.3^50.5^18.5^29.3^35.3^35.0^49.3^70.4^9.2^8.7^36.4^52.4^30.4^49.8^19.8^104.7^0.0^0.0^31.9^1.7^49.5^76.8^20.1
140, La Salle, A10, 15-15, +2.18, 110.6, 108.7, 68.7, +.028, +2.18, 105.0, 102.8, +1.13, 104.7^68.1^17.3^50.5^18.5^29.3^35.3^35.0^49.3^70.4^9.2^8.7^36.4^52.4^30.4^49.8^19.8^104.7^0.0^0.0^31.9^1.7^49.5^76.8^20.1
141, Kent St., MAC, 22-14, -1.92, 104.9, 103.3, 68.3, +.024, -1.92, 104.4, 106.3, -5.91, 104.7^68.1^17.3^50.5^18.5^29.3^35.3^35.0^49.3^70.4^9.2^8.7^36.4^52.4^30.4^49.8^19.8^104.7^0.0^0.0^31.9^1.7^49.5^76.8^20.1
142, Wofford, SC, 16-17, +0.90, 109.9, 108.4, 66.7, -.067, +0.90, 105.6, 104.7, +6.75, 104.7^68.1^17.3^50.5^18.5^29.3^35.3^35.0^49.3^70.4^9.2^8.7^36.4^52.4^30.4^49.8^19.8^104.7^0.0^0.0^31.9^1.7^49.5^76.8^20.1
143, South Dakota, Sum, 22-12, -2.62, 104.2, 102.7, 70.7, +.066, -2.62, 105.4, 108.1, -1.86, 104.7^68.1^17.3^50.5^18.5^29.3^35.3^35.0^49.3^70.4^9.2^8.7^36.4^52.4^30.4^49.8^19.8^104.7^0.0^0.0^31.9^1.7^49.5^76.8^20.1
144, Tulsa, Amer, 15-17, +4.59, 104.3, 102.9, 68.2, +.055, +4.59, 105.8, 101.2, +2.08, 104.7^68.1^17.3^50.5^18.5^29.3^35.3^35.0^49.3^70.4^9.2^8.7^36.4^52.4^30.4^49.8^19.8^104.7^0.0^0.0^31.9^1.7^49.5^76.8^20.1
145, Mercer, SC, 15-17, +0.10, 109.6, 108.2, 61.7, -.064, +0.10, 105.4, 105.3, +3.55, 104.7^68.1^17.3^50.5^18.5^29.3^35.3^35.0^49.3^70.4^9.2^8.7^36.4^52.4^30.4^49.8^19.8^104.7^0.0^0.0^31.9^1.7^49.5^76.8^20.1
146, Louisiana Lafayette, SB, 21-12, -2.71, 111.1, 109.8, 72.2, +.034, -2.71, 102.6, 105.3, -4.27, 104.7^68.1^17.3^50.5^18.5^29.3^35.3^35.0^49.3^70.4^9.2^8.7^36.4^52.4^30.4^49.8^19.8^104.7^0.0^0.0^31.9^1.7^49.5^76.8^20.1
147, Utah Valley, WAC, 17-17, -1.13, 101.0, 99.7, 73.0, -.085, -1.13, 102.6, 103.8, +1.42, 104.7^68.1^17.3^50.5^18.5^29.3^35.3^35.0^49.3^70.4^9.2^8.7^36.4^52.4^30.4^49.8^19.8^104.7^0.0^0.0^31.9^1.7^49.5^76.8^20.1
148, Eastern Michigan, MAC, 16-17, +0.58, 106.1, 104.9, 68.1, -.078, +0.58, 106.6, 106.0, +5.08, 104.7^68.1^17.3^50.5^18.5^29.3^35.3^35.0^49.3^70.4^9.2^8.7^36.4^52.4^30.4^49.8^19.8^104.7^0.0^0.0^31.9^1.7^49.5^76.8^20.1
149, Marshall, CUSA, 20-15, -1.36, 110.8, 109.7, 77.6, +.027, -1.36, 103.3, 104.7, +0.72, 104.7^68.1^17.3^50.5^18.5^29.3^35.3^35.0^49.3^70.4^9.2^8.7^36.4^52.4^30.4^49.8^19.8^104.7^0.0^0.0^31.9^1.7^49.5^76.8^20.1
150, Southern Illinois, MVC, 17-16, +1.18, 104.8, 103.7, 65.4, +.047, +1.18, 104.2, 103.0, -2.95, 104.7^68.1^17.3^50.5^18.5^29.3^35.3^35.0^49.3^70.4^9.2^8.7^36.4^52.4^30.4^49.8^19.8^104.7^0.0^0.0^31.9^1.7^49.5^76.8^20.1
151, Yale, Ivy, 18-11, -2.03, 106.2, 105.2, 68.2, +.055, -2.03, 103.6, 105.7, -1.36, 104.7^68.1^17.3^50.5^18.5^29.3^35.3^35.0^49.3^70.4^9.2^8.7^36.4^52.4^30.4^49.8^19.8^104.7^0.0^0.0^31.9^1.7^49.5^76.8^20.1
152, Grand Canyon, WAC, 22-9, -5.95, 101.6, 100.6, 68.9, +.078, -5.95, 100.3, 106.2, -7.80, 104.7^68.1^17.3^50.5^18.5^29.3^35.3^35.0^49.3^70.4^9.2^8.7^36.4^52.4^30.4^49.8^19.8^104.7^0.0^0.0^31.9^1.7^49.5^76.8^20.1
153, Fort Wayne, Sum, 20-13, -3.36, 108.8, 108.0, 71.6, -.025, -3.36, 105.4, 108.7, -4.33, 104.7^68.1^17.3^50.5^18.5^29.3^35.3^35.0^49.3^70.4^9.2^8.7^36.4^52.4^30.4^49.8^19.8^104.7^0.0^0.0^31.9^1.7^49.5^76.8^20.1
154, Evansville, MVC, 16-17, +1.09, 104.1, 103.2, 66.8, -.024, +1.09, 104.7, 103.6, -2.40, 104.7^68.1^17.3^50.5^18.5^29.3^35.3^35.0^49.3^70.4^9.2^8.7^36.4^52.4^30.4^49.8^19.8^104.7^0.0^0.0^31.9^1.7^49.5^76.8^20.1
155, Rice, CUSA, 23-12, -5.44, 107.8, 107.1, 72.7, -.028, -5.44, 101.2, 106.7, -6.25, 104.7^68.1^17.3^50.5^18.5^29.3^35.3^35.0^49.3^70.4^9.2^8.7^36.4^52.4^30.4^49.8^19.8^104.7^0.0^0.0^31.9^1.7^49.5^76.8^20.1
156, Missouri, SEC, 8-24, +6.83, 101.5, 100.9, 68.0, -.160, +6.83, 108.1, 101.3, -5.07, 104.7^68.1^17.3^50.5^18.5^29.3^35.3^35.0^49.3^70.4^9.2^8.7^36.4^52.4^30.4^49.8^19.8^104.7^0.0^0.0^31.9^1.7^49.5^76.8^20.1
157, Jacksonville St., OVC, 20-15, -1.68, 105.8, 105.2, 63.6, +.028, -1.68, 104.2, 105.9, +0.61, 104.7^68.1^17.3^50.5^18.5^29.3^35.3^35.0^49.3^70.4^9.2^8.7^36.4^52.4^30.4^49.8^19.8^104.7^0.0^0.0^31.9^1.7^49.5^76.8^20.1
158, Massachusetts, A10, 15-18, +0.85, 100.6, 100.0, 71.9, -.042, +0.85, 104.9, 104.1, -4.53, 104.7^68.1^17.3^50.5^18.5^29.3^35.3^35.0^49.3^70.4^9.2^8.7^36.4^52.4^30.4^49.8^19.8^104.7^0.0^0.0^31.9^1.7^49.5^76.8^20.1
159, Northeastern, CAA, 15-16, +0.90, 107.0, 106.4, 66.1, -.014, +0.90, 105.4, 104.5, +2.41, 104.7^68.1^17.3^50.5^18.5^29.3^35.3^35.0^49.3^70.4^9.2^8.7^36.4^52.4^30.4^49.8^19.8^104.7^0.0^0.0^31.9^1.7^49.5^76.8^20.1
160, Tennessee St., OVC, 17-13, -2.29, 100.3, 99.7, 67.0, -.016, -2.29, 104.6, 106.9, +3.55, 104.7^68.1^17.3^50.5^18.5^29.3^35.3^35.0^49.3^70.4^9.2^8.7^36.4^52.4^30.4^49.8^19.8^104.7^0.0^0.0^31.9^1.7^49.5^76.8^20.1
161, North Carolina Central, MEAC, 25-9, -12.44, 102.2, 101.9, 66.7, -.055, -12.44, 97.7, 110.1, -0.66, 104.7^68.1^17.3^50.5^18.5^29.3^35.3^35.0^49.3^70.4^9.2^8.7^36.4^52.4^30.4^49.8^19.8^104.7^0.0^0.0^31.9^1.7^49.5^76.8^20.1
162, Western Michigan, MAC, 16-16, -0.54, 107.1, 106.8, 67.9, -.016, -0.54, 105.4, 106.0, +1.99, 104.7^68.1^17.3^50.5^18.5^29.3^35.3^35.0^49.3^70.4^9.2^8.7^36.4^52.4^30.4^49.8^19.8^104.7^0.0^0.0^31.9^1.7^49.5^76.8^20.1
163, Washington, P12, 9-22, +6.87, 107.7, 107.4, 71.1, -.103, +6.87, 109.5, 102.6, -2.27, 104.7^68.1^17.3^50.5^18.5^29.3^35.3^35.0^49.3^70.4^9.2^8.7^36.4^52.4^30.4^49.8^19.8^104.7^0.0^0.0^31.9^1.7^49.5^76.8^20.1
164, Wright St., Horz, 20-12, -2.21, 106.5, 106.2, 69.0, +.056, -2.21, 103.0, 105.3, +0.85, 104.7^68.1^17.3^50.5^18.5^29.3^35.3^35.0^49.3^70.4^9.2^8.7^36.4^52.4^30.4^49.8^19.8^104.7^0.0^0.0^31.9^1.7^49.5^76.8^20.1
165, Lipscomb, ASun, 20-13, -4.59, 107.3, 107.0, 74.2, -.017, -4.59, 103.2, 107.8, +1.17, 104.7^68.1^17.3^50.5^18.5^29.3^35.3^35.0^49.3^70.4^9.2^8.7^36.4^52.4^30.4^49.8^19.8^104.7^0.0^0.0^31.9^1.7^49.5^76.8^20.1
166, Samford, SC, 20-16, -2.56, 107.8, 107.5, 68.6, -.036, -2.56, 103.9, 106.4, -3.56, 104.7^68.1^17.3^50.5^18.5^29.3^35.3^35.0^49.3^70.4^9.2^8.7^36.4^52.4^30.4^49.8^19.8^104.7^0.0^0.0^31.9^1.7^49.5^76.8^20.1
167, North Dakota St., Sum, 19-11, -1.93, 104.6, 104.4, 66.7, +.081, -1.93, 105.5, 107.5, +0.50, 104.7^68.1^17.3^50.5^18.5^29.3^35.3^35.0^49.3^70.4^9.2^8.7^36.4^52.4^30.4^49.8^19.8^104.7^0.0^0.0^31.9^1.7^49.5^76.8^20.1
168, North Dakota, BSky, 22-10, -5.66, 103.6, 103.5, 71.5, +.048, -5.66, 103.0, 108.6, +3.24, 104.7^68.1^17.3^50.5^18.5^29.3^35.3^35.0^49.3^70.4^9.2^8.7^36.4^52.4^30.4^49.8^19.8^104.7^0.0^0.0^31.9^1.7^49.5^76.8^20.1
169, Northern Iowa, MVC, 14-16, +4.51, 97.6, 97.6, 63.5, +.054, +4.51, 107.2, 102.7, +7.99, 104.7^68.1^17.3^50.5^18.5^29.3^35.3^35.0^49.3^70.4^9.2^8.7^36.4^52.4^30.4^49.8^19.8^104.7^0.0^0.0^31.9^1.7^49.5^76.8^20.1
170, Siena, MAAC, 17-17, -1.16, 106.2, 106.3, 68.7, -.009, -1.16, 104.6, 105.7, +5.47, 104.7^68.1^17.3^50.5^18.5^29.3^35.3^35.0^49.3^70.4^9.2^8.7^36.4^52.4^30.4^49.8^19.8^104.7^0.0^0.0^31.9^1.7^49.5^76.8^20.1
171, Penn, Ivy, 13-15, -1.68, 102.6, 102.8, 66.7, -.054, -1.68, 103.5, 105.2, +0.20, 104.7^68.1^17.3^50.5^18.5^29.3^35.3^35.0^49.3^70.4^9.2^8.7^36.4^52.4^30.4^49.8^19.8^104.7^0.0^0.0^31.9^1.7^49.5^76.8^20.1
172, LSU, SEC, 10-21, +9.25, 109.7, 109.9, 71.9, +.008, +9.25, 108.7, 99.5, +2.91, 104.7^68.1^17.3^50.5^18.5^29.3^35.3^35.0^49.3^70.4^9.2^8.7^36.4^52.4^30.4^49.8^19.8^104.7^0.0^0.0^31.9^1.7^49.5^76.8^20.1
173, Boston College, ACC, 9-23, +8.18, 103.9, 104.2, 71.1, -.032, +8.18, 110.4, 102.2, -6.42, 104.7^68.1^17.3^50.5^18.5^29.3^35.3^35.0^49.3^70.4^9.2^8.7^36.4^52.4^30.4^49.8^19.8^104.7^0.0^0.0^31.9^1.7^49.5^76.8^20.1
174, Texas St., SB, 22-14, -4.36, 101.3, 101.7, 62.3, +.016, -4.36, 102.3, 106.6, -7.98, 104.7^68.1^17.3^50.5^18.5^29.3^35.3^35.0^49.3^70.4^9.2^8.7^36.4^52.4^30.4^49.8^19.8^104.7^0.0^0.0^31.9^1.7^49.5^76.8^20.1
175, Loyola Marymount, WCC, 15-15, -0.07, 103.0, 103.4, 67.2, +.025, -0.07, 104.8, 104.9, -5.03, 104.7^68.1^17.3^50.5^18.5^29.3^35.3^35.0^49.3^70.4^9.2^8.7^36.4^52.4^30.4^49.8^19.8^104.7^0.0^0.0^31.9^1.7^49.5^76.8^20.1
176, Nebraska Omaha, Sum, 18-14, -0.59, 108.6, 109.0, 73.8, +.086, -0.59, 106.2, 106.8, +4.11, 104.7^68.1^17.3^50.5^18.5^29.3^35.3^35.0^49.3^70.4^9.2^8.7^36.4^52.4^30.4^49.8^19.8^104.7^0.0^0.0^31.9^1.7^49.5^76.8^20.1
177, Texas A&M Corpus Chris, Slnd, 24-12, -6.00, 102.8, 103.3, 68.8, +.062, -6.00, 101.8, 107.8, +2.40, 104.7^68.1^17.3^50.5^18.5^29.3^35.3^35.0^49.3^70.4^9.2^8.7^36.4^52.4^30.4^49.8^19.8^104.7^0.0^0.0^31.9^1.7^49.5^76.8^20.1
178, New Orleans, Slnd, 20-12, -5.29, 101.3, 101.8, 66.2, +.046, -5.29, 102.3, 107.6, +8.32, 104.7^68.1^17.3^50.5^18.5^29.3^35.3^35.0^49.3^70.4^9.2^8.7^36.4^52.4^30.4^49.8^19.8^104.7^0.0^0.0^31.9^1.7^49.5^76.8^20.1
179, Weber St., BSky, 20-14, -4.67, 108.5, 109.0, 67.0, -.030, -4.67, 103.2, 107.9, +1.43, 104.7^68.1^17.3^50.5^18.5^29.3^35.3^35.0^49.3^70.4^9.2^8.7^36.4^52.4^30.4^49.8^19.8^104.7^0.0^0.0^31.9^1.7^49.5^76.8^20.1
180, Ball St., MAC, 21-13, -3.92, 104.7, 105.3, 71.1, +.041, -3.92, 103.2, 107.1, -10.95, 104.7^68.1^17.3^50.5^18.5^29.3^35.3^35.0^49.3^70.4^9.2^8.7^36.4^52.4^30.4^49.8^19.8^104.7^0.0^0.0^31.9^1.7^49.5^76.8^20.1
181, Gardner Webb, BSth, 19-14, -5.65, 102.7, 103.5, 70.8, -.041, -5.65, 101.5, 107.1, +4.28, 104.7^68.1^17.3^50.5^18.5^29.3^35.3^35.0^49.3^70.4^9.2^8.7^36.4^52.4^30.4^49.8^19.8^104.7^0.0^0.0^31.9^1.7^49.5^76.8^20.1
182, New Hampshire, AE, 20-12, -4.58, 102.3, 103.2, 65.4, +.063, -4.58, 102.6, 107.1, -0.50, 104.7^68.1^17.3^50.5^18.5^29.3^35.3^35.0^49.3^70.4^9.2^8.7^36.4^52.4^30.4^49.8^19.8^104.7^0.0^0.0^31.9^1.7^49.5^76.8^20.1
183, DePaul, BE, 9-23, +6.99, 103.5, 104.5, 67.7, -.069, +6.99, 108.8, 101.8, -7.12, 104.7^68.1^17.3^50.5^18.5^29.3^35.3^35.0^49.3^70.4^9.2^8.7^36.4^52.4^30.4^49.8^19.8^104.7^0.0^0.0^31.9^1.7^49.5^76.8^20.1
184, Saint Joseph's, A10, 11-20, +3.35, 102.2, 103.3, 68.4, -.032, +3.35, 106.0, 102.7, +3.33, 104.7^68.1^17.3^50.5^18.5^29.3^35.3^35.0^49.3^70.4^9.2^8.7^36.4^52.4^30.4^49.8^19.8^104.7^0.0^0.0^31.9^1.7^49.5^76.8^20.1
185, South Dakota St., Sum, 18-17, -0.59, 110.2, 111.4, 67.2, +.029, -0.59, 104.9, 105.5, +1.66, 104.7^68.1^17.3^50.5^18.5^29.3^35.3^35.0^49.3^70.4^9.2^8.7^36.4^52.4^30.4^49.8^19.8^104.7^0.0^0.0^31.9^1.7^49.5^76.8^20.1
186, Eastern Washington, BSky, 22-12, -5.14, 109.6, 110.8, 66.7, +.082, -5.14, 103.0, 108.2, +2.16, 104.7^68.1^17.3^50.5^18.5^29.3^35.3^35.0^49.3^70.4^9.2^8.7^36.4^52.4^30.4^49.8^19.8^104.7^0.0^0.0^31.9^1.7^49.5^76.8^20.1
187, Canisius, MAAC, 18-16, -2.77, 108.7, 109.9, 69.6, +.005, -2.77, 103.0, 105.8, -1.07, 104.7^68.1^17.3^50.5^18.5^29.3^35.3^35.0^49.3^70.4^9.2^8.7^36.4^52.4^30.4^49.8^19.8^104.7^0.0^0.0^31.9^1.7^49.5^76.8^20.1
188, Hofstra, CAA, 15-17, -1.44, 111.1, 112.4, 67.7, -.034, -1.44, 104.1, 105.6, -2.82, 104.7^68.1^17.3^50.5^18.5^29.3^35.3^35.0^49.3^70.4^9.2^8.7^36.4^52.4^30.4^49.8^19.8^104.7^0.0^0.0^31.9^1.7^49.5^76.8^20.1
189, Denver, Sum, 16-14, -3.65, 107.7, 109.2, 66.8, -.007, -3.65, 103.9, 107.5, -4.94, 104.7^68.1^17.3^50.5^18.5^29.3^35.3^35.0^49.3^70.4^9.2^8.7^36.4^52.4^30.4^49.8^19.8^104.7^0.0^0.0^31.9^1.7^49.5^76.8^20.1
190, Green Bay, Horz, 18-14, -2.88, 102.0, 103.4, 74.0, +.032, -2.88, 103.9, 106.8, -0.33, 104.7^68.1^17.3^50.5^18.5^29.3^35.3^35.0^49.3^70.4^9.2^8.7^36.4^52.4^30.4^49.8^19.8^104.7^0.0^0.0^31.9^1.7^49.5^76.8^20.1
191, East Carolina, Amer, 15-18, +0.53, 97.0, 98.5, 66.9, +.013, +0.53, 105.0, 104.5, -10.91, 104.7^68.1^17.3^50.5^18.5^29.3^35.3^35.0^49.3^70.4^9.2^8.7^36.4^52.4^30.4^49.8^19.8^104.7^0.0^0.0^31.9^1.7^49.5^76.8^20.1
192, Boston University, Pat, 18-14, -4.10, 101.7, 103.4, 69.6, +.003, -4.10, 101.8, 105.9, -0.77, 104.7^68.1^17.3^50.5^18.5^29.3^35.3^35.0^49.3^70.4^9.2^8.7^36.4^52.4^30.4^49.8^19.8^104.7^0.0^0.0^31.9^1.7^49.5^76.8^20.1
193, Washington St., P12, 13-18, +6.36, 104.4, 106.1, 67.7, +.067, +6.36, 109.2, 102.9, -3.03, 104.7^68.1^17.3^50.5^18.5^29.3^35.3^35.0^49.3^70.4^9.2^8.7^36.4^52.4^30.4^49.8^19.8^104.7^0.0^0.0^31.9^1.7^49.5^76.8^20.1
194, Montana, BSky, 16-16, -4.94, 106.1, 108.2, 66.7, -.050, -4.94, 103.5, 108.4, +0.79, 104.7^68.1^17.3^50.5^18.5^29.3^35.3^35.0^49.3^70.4^9.2^8.7^36.4^52.4^30.4^49.8^19.8^104.7^0.0^0.0^31.9^1.7^49.5^76.8^20.1
195, Georgia Southern, SB, 18-15, -1.26, 105.2, 107.3, 68.5, +.049, -1.26, 104.6, 105.9, +1.82, 104.7^68.1^17.3^50.5^18.5^29.3^35.3^35.0^49.3^70.4^9.2^8.7^36.4^52.4^30.4^49.8^19.8^104.7^0.0^0.0^31.9^1.7^49.5^76.8^20.1
196, UAB, CUSA, 17-16, -2.45, 103.9, 106.4, 66.1, -.008, -2.45, 103.6, 106.0, +0.08, 104.7^68.1^17.3^50.5^18.5^29.3^35.3^35.0^49.3^70.4^9.2^8.7^36.4^52.4^30.4^49.8^19.8^104.7^0.0^0.0^31.9^1.7^49.5^76.8^20.1
197, Murray St., OVC, 16-17, -4.05, 107.2, 109.8, 68.7, -.087, -4.05, 103.6, 107.6, +0.01, 104.7^68.1^17.3^50.5^18.5^29.3^35.3^35.0^49.3^70.4^9.2^8.7^36.4^52.4^30.4^49.8^19.8^104.7^0.0^0.0^31.9^1.7^49.5^76.8^20.1
198, IUPUI, Sum, 14-18, -0.64, 107.0, 109.8, 69.3, -.036, -0.64, 105.7, 106.3, +3.64, 104.7^68.1^17.3^50.5^18.5^29.3^35.3^35.0^49.3^70.4^9.2^8.7^36.4^52.4^30.4^49.8^19.8^104.7^0.0^0.0^31.9^1.7^49.5^76.8^20.1
199, Indiana St., MVC, 11-20, +2.47, 99.6, 102.3, 69.7, -.009, +2.47, 105.2, 102.7, +1.71, 104.7^68.1^17.3^50.5^18.5^29.3^35.3^35.0^49.3^70.4^9.2^8.7^36.4^52.4^30.4^49.8^19.8^104.7^0.0^0.0^31.9^1.7^49.5^76.8^20.1
200, UTEP, CUSA, 15-17, -3.51, 99.7, 102.7, 66.3, -.035, -3.51, 102.9, 106.4, -2.74, 104.7^68.1^17.3^50.5^18.5^29.3^35.3^35.0^49.3^70.4^9.2^8.7^36.4^52.4^30.4^49.8^19.8^104.7^0.0^0.0^31.9^1.7^49.5^76.8^20.1
201, UMBC, AE, 21-13, -6.24, 107.9, 110.9, 71.0, +.029, -6.24, 101.3, 107.5, -3.41, 104.7^68.1^17.3^50.5^18.5^29.3^35.3^35.0^49.3^70.4^9.2^8.7^36.4^52.4^30.4^49.8^19.8^104.7^0.0^0.0^31.9^1.7^49.5^76.8^20.1
202, Fordham, A10, 13-19, +0.87, 97.0, 100.0, 64.3, -.023, +0.87, 104.8, 103.9, -3.14, 104.7^68.1^17.3^50.5^18.5^29.3^35.3^35.0^49.3^70.4^9.2^8.7^36.4^52.4^30.4^49.8^19.8^104.7^0.0^0.0^31.9^1.7^49.5^76.8^20.1
203, Morehead St., OVC, 14-16, -1.00, 106.7, 109.8, 68.7, -.005, -1.00, 105.2, 106.2, +4.42, 104.7^68.1^17.3^50.5^18.5^29.3^35.3^35.0^49.3^70.4^9.2^8.7^36.4^52.4^30.4^49.8^19.8^104.7^0.0^0.0^31.9^1.7^49.5^76.8^20.1
204, Fairfield, MAAC, 16-15, -2.85, 99.8, 103.1, 69.2, +.038, -2.85, 103.8, 106.7, -2.55, 104.7^68.1^17.3^50.5^18.5^29.3^35.3^35.0^49.3^70.4^9.2^8.7^36.4^52.4^30.4^49.8^19.8^104.7^0.0^0.0^31.9^1.7^49.5^76.8^20.1
205, Northern Illinois, MAC, 15-17, -2.50, 98.9, 102.4, 66.8, -.038, -2.50, 104.1, 106.6, -5.54, 104.7^68.1^17.3^50.5^18.5^29.3^35.3^35.0^49.3^70.4^9.2^8.7^36.4^52.4^30.4^49.8^19.8^104.7^0.0^0.0^31.9^1.7^49.5^76.8^20.1
206, Navy, Pat, 16-16, -4.19, 99.9, 103.4, 64.2, -.012, -4.19, 101.5, 105.7, -3.30, 104.7^68.1^17.3^50.5^18.5^29.3^35.3^35.0^49.3^70.4^9.2^8.7^36.4^52.4^30.4^49.8^19.8^104.7^0.0^0.0^31.9^1.7^49.5^76.8^20.1
207, Coastal Carolina, SB, 20-19, -1.39, 101.8, 105.4, 68.8, +.050, -1.39, 103.8, 105.2, +1.16, 104.7^68.1^17.3^50.5^18.5^29.3^35.3^35.0^49.3^70.4^9.2^8.7^36.4^52.4^30.4^49.8^19.8^104.7^0.0^0.0^31.9^1.7^49.5^76.8^20.1
208, Rider, MAAC, 18-15, -4.42, 100.9, 104.6, 72.2, +.047, -4.42, 102.6, 107.0, -6.04, 104.7^68.1^17.3^50.5^18.5^29.3^35.3^35.0^49.3^70.4^9.2^8.7^36.4^52.4^30.4^49.8^19.8^104.7^0.0^0.0^31.9^1.7^49.5^76.8^20.1
209, Mount St. Mary's, NEC, 20-16, -4.49, 99.5, 103.4, 66.8, +.074, -4.49, 102.0, 106.5, +11.52, 104.7^68.1^17.3^50.5^18.5^29.3^35.3^35.0^49.3^70.4^9.2^8.7^36.4^52.4^30.4^49.8^19.8^104.7^0.0^0.0^31.9^1.7^49.5^76.8^20.1
210, Tennessee Martin, OVC, 22-13, -4.47, 106.7, 110.6, 67.5, +.118, -4.47, 102.9, 107.3, -2.34, 104.7^68.1^17.3^50.5^18.5^29.3^35.3^35.0^49.3^70.4^9.2^8.7^36.4^52.4^30.4^49.8^19.8^104.7^0.0^0.0^31.9^1.7^49.5^76.8^20.1
211, Liberty, BSth, 21-14, -6.25, 99.9, 103.8, 62.7, +.037, -6.25, 102.1, 108.4, +2.89, 104.7^68.1^17.3^50.5^18.5^29.3^35.3^35.0^49.3^70.4^9.2^8.7^36.4^52.4^30.4^49.8^19.8^104.7^0.0^0.0^31.9^1.7^49.5^76.8^20.1
212, Texas Southern, SWAC, 23-12, -8.49, 103.5, 107.5, 68.6, +.125, -8.49, 100.2, 108.7, +12.68, 104.7^68.1^17.3^50.5^18.5^29.3^35.3^35.0^49.3^70.4^9.2^8.7^36.4^52.4^30.4^49.8^19.8^104.7^0.0^0.0^31.9^1.7^49.5^76.8^20.1
213, Stony Brook, AE, 18-14, -5.85, 101.8, 105.9, 65.9, +.050, -5.85, 101.9, 107.8, -3.28, 104.7^68.1^17.3^50.5^18.5^29.3^35.3^35.0^49.3^70.4^9.2^8.7^36.4^52.4^30.4^49.8^19.8^104.7^0.0^0.0^31.9^1.7^49.5^76.8^20.1
214, San Jose St., MWC, 14-16, +1.21, 100.4, 104.5, 70.8, +.077, +1.21, 105.4, 104.2, -4.42, 104.7^68.1^17.3^50.5^18.5^29.3^35.3^35.0^49.3^70.4^9.2^8.7^36.4^52.4^30.4^49.8^19.8^104.7^0.0^0.0^31.9^1.7^49.5^76.8^20.1
215, Holy Cross, Pat, 15-17, -3.00, 98.7, 102.9, 60.4, +.022, -3.00, 102.1, 105.1, +0.22, 104.7^68.1^17.3^50.5^18.5^29.3^35.3^35.0^49.3^70.4^9.2^8.7^36.4^52.4^30.4^49.8^19.8^104.7^0.0^0.0^31.9^1.7^49.5^76.8^20.1
216, Idaho, BSky, 19-14, -5.98, 101.8, 106.0, 66.5, +.031, -5.98, 102.5, 108.5, -1.34, 104.7^68.1^17.3^50.5^18.5^29.3^35.3^35.0^49.3^70.4^9.2^8.7^36.4^52.4^30.4^49.8^19.8^104.7^0.0^0.0^31.9^1.7^49.5^76.8^20.1
217, Bradley, MVC, 13-20, +2.40, 98.4, 102.7, 67.7, +.018, +2.40, 105.9, 103.5, +0.41, 104.7^68.1^17.3^50.5^18.5^29.3^35.3^35.0^49.3^70.4^9.2^8.7^36.4^52.4^30.4^49.8^19.8^104.7^0.0^0.0^31.9^1.7^49.5^76.8^20.1
218, UC Davis, BW, 23-13, -5.31, 97.8, 102.2, 68.9, +.131, -5.31, 100.8, 106.1, -0.94, 104.7^68.1^17.3^50.5^18.5^29.3^35.3^35.0^49.3^70.4^9.2^8.7^36.4^52.4^30.4^49.8^19.8^104.7^0.0^0.0^31.9^1.7^49.5^76.8^20.1
219, UMKC, WAC, 18-17, -1.63, 103.0, 107.4, 70.7, +.065, -1.63, 103.5, 105.1, +0.61, 104.7^68.1^17.3^50.5^18.5^29.3^35.3^35.0^49.3^70.4^9.2^8.7^36.4^52.4^30.4^49.8^19.8^104.7^0.0^0.0^31.9^1.7^49.5^76.8^20.1
220, Eastern Illinois, OVC, 14-15, -4.96, 100.1, 105.0, 68.6, -.049, -4.96, 102.7, 107.7, -3.33, 104.7^68.1^17.3^50.5^18.5^29.3^35.3^35.0^49.3^70.4^9.2^8.7^36.4^52.4^30.4^49.8^19.8^104.7^0.0^0.0^31.9^1.7^49.5^76.8^20.1
221, Houston Baptist, Slnd, 17-14, -3.50, 105.2, 110.2, 70.3, +.052, -3.50, 102.7, 106.2, +13.67, 104.7^68.1^17.3^50.5^18.5^29.3^35.3^35.0^49.3^70.4^9.2^8.7^36.4^52.4^30.4^49.8^19.8^104.7^0.0^0.0^31.9^1.7^49.5^76.8^20.1
222, Air Force, MWC, 12-21, +0.29, 104.3, 109.5, 67.1, -.065, +0.29, 104.4, 104.1, -6.10, 104.7^68.1^17.3^50.5^18.5^29.3^35.3^35.0^49.3^70.4^9.2^8.7^36.4^52.4^30.4^49.8^19.8^104.7^0.0^0.0^31.9^1.7^49.5^76.8^20.1
223, James Madison, CAA, 10-23, -0.84, 98.8, 104.1, 64.0, -.065, -0.84, 105.9, 106.7, -2.90, 104.7^68.1^17.3^50.5^18.5^29.3^35.3^35.0^49.3^70.4^9.2^8.7^36.4^52.4^30.4^49.8^19.8^104.7^0.0^0.0^31.9^1.7^49.5^76.8^20.1
224, Duquesne, A10, 10-22, -1.27, 101.9, 107.3, 70.0, -.075, -1.27, 103.1, 104.3, -8.24, 104.7^68.1^17.3^50.5^18.5^29.3^35.3^35.0^49.3^70.4^9.2^8.7^36.4^52.4^30.4^49.8^19.8^104.7^0.0^0.0^31.9^1.7^49.5^76.8^20.1
225, Long Beach St., BW, 15-19, -1.65, 104.6, 110.1, 69.5, +.036, -1.65, 103.0, 104.6, +12.57, 104.7^68.1^17.3^50.5^18.5^29.3^35.3^35.0^49.3^70.4^9.2^8.7^36.4^52.4^30.4^49.8^19.8^104.7^0.0^0.0^31.9^1.7^49.5^76.8^20.1
226, Lamar, Slnd, 19-15, -7.05, 103.1, 108.7, 68.1, -.014, -7.05, 100.2, 107.2, -3.82, 104.7^68.1^17.3^50.5^18.5^29.3^35.3^35.0^49.3^70.4^9.2^8.7^36.4^52.4^30.4^49.8^19.8^104.7^0.0^0.0^31.9^1.7^49.5^76.8^20.1
227, Loyola MD, Pat, 16-17, -3.12, 98.4, 104.2, 66.2, +.067, -3.12, 102.1, 105.2, +0.14, 104.7^68.1^17.3^50.5^18.5^29.3^35.3^35.0^49.3^70.4^9.2^8.7^36.4^52.4^30.4^49.8^19.8^104.7^0.0^0.0^31.9^1.7^49.5^76.8^20.1
228, Southeast Missouri St., OVC, 15-18, -4.43, 103.4, 109.3, 68.6, -.038, -4.43, 103.2, 107.6, -2.94, 104.7^68.1^17.3^50.5^18.5^29.3^35.3^35.0^49.3^70.4^9.2^8.7^36.4^52.4^30.4^49.8^19.8^104.7^0.0^0.0^31.9^1.7^49.5^76.8^20.1
229, Central Michigan, MAC, 16-16, -2.21, 111.6, 117.6, 75.3, +.053, -2.21, 103.2, 105.4, -5.47, 104.7^68.1^17.3^50.5^18.5^29.3^35.3^35.0^49.3^70.4^9.2^8.7^36.4^52.4^30.4^49.8^19.8^104.7^0.0^0.0^31.9^1.7^49.5^76.8^20.1
230, Army, Pat, 13-19, -4.56, 98.6, 104.7, 71.4, -.063, -4.56, 101.4, 106.0, -3.96, 104.7^68.1^17.3^50.5^18.5^29.3^35.3^35.0^49.3^70.4^9.2^8.7^36.4^52.4^30.4^49.8^19.8^104.7^0.0^0.0^31.9^1.7^49.5^76.8^20.1
231, Southeastern Louisiana, Slnd, 16-16, -7.56, 97.8, 103.9, 67.1, -.054, -7.56, 101.0, 108.6, -3.61, 104.7^68.1^17.3^50.5^18.5^29.3^35.3^35.0^49.3^70.4^9.2^8.7^36.4^52.4^30.4^49.8^19.8^104.7^0.0^0.0^31.9^1.7^49.5^76.8^20.1
232, Western Kentucky, CUSA, 15-17, -3.19, 103.0, 109.1, 65.8, +.048, -3.19, 103.0, 106.2, -3.64, 104.7^68.1^17.3^50.5^18.5^29.3^35.3^35.0^49.3^70.4^9.2^8.7^36.4^52.4^30.4^49.8^19.8^104.7^0.0^0.0^31.9^1.7^49.5^76.8^20.1
233, Stephen F. Austin, Slnd, 18-15, -5.65, 96.7, 102.9, 66.3, +.040, -5.65, 102.1, 107.7, +1.84, 104.7^68.1^17.3^50.5^18.5^29.3^35.3^35.0^49.3^70.4^9.2^8.7^36.4^52.4^30.4^49.8^19.8^104.7^0.0^0.0^31.9^1.7^49.5^76.8^20.1
234, Sam Houston St., Slnd, 21-13, -6.44, 97.2, 103.4, 70.0, +.101, -6.44, 101.4, 107.8, +2.70, 104.7^68.1^17.3^50.5^18.5^29.3^35.3^35.0^49.3^70.4^9.2^8.7^36.4^52.4^30.4^49.8^19.8^104.7^0.0^0.0^31.9^1.7^49.5^76.8^20.1
235, Columbia, Ivy, 11-16, -3.35, 101.1, 107.3, 68.9, -.022, -3.35, 102.7, 106.0, -4.00, 104.7^68.1^17.3^50.5^18.5^29.3^35.3^35.0^49.3^70.4^9.2^8.7^36.4^52.4^30.4^49.8^19.8^104.7^0.0^0.0^31.9^1.7^49.5^76.8^20.1
236, Oral Roberts, Sum, 8-22, +1.85, 104.4, 110.7, 69.1, -.077, +1.85, 106.9, 105.1, +8.64, 104.7^68.1^17.3^50.5^18.5^29.3^35.3^35.0^49.3^70.4^9.2^8.7^36.4^52.4^30.4^49.8^19.8^104.7^0.0^0.0^31.9^1.7^49.5^76.8^20.1
237, Charlotte, CUSA, 13-17, -2.08, 103.1, 109.5, 72.8, +.033, -2.08, 103.3, 105.4, +1.69, 104.7^68.1^17.3^50.5^18.5^29.3^35.3^35.0^49.3^70.4^9.2^8.7^36.4^52.4^30.4^49.8^19.8^104.7^0.0^0.0^31.9^1.7^49.5^76.8^20.1
238, Illinois Chicago, Horz, 17-19, -4.16, 101.1, 107.5, 72.1, +.014, -4.16, 101.7, 105.9, -5.26, 104.7^68.1^17.3^50.5^18.5^29.3^35.3^35.0^49.3^70.4^9.2^8.7^36.4^52.4^30.4^49.8^19.8^104.7^0.0^0.0^31.9^1.7^49.5^76.8^20.1
239, Portland St., BSky, 15-16, -6.52, 104.3, 110.8, 72.6, -.057, -6.52, 101.9, 108.5, -0.17, 104.7^68.1^17.3^50.5^18.5^29.3^35.3^35.0^49.3^70.4^9.2^8.7^36.4^52.4^30.4^49.8^19.8^104.7^0.0^0.0^31.9^1.7^49.5^76.8^20.1
240, Montana St., BSky, 16-16, -6.68, 103.1, 109.6, 69.3, -.025, -6.68, 103.4, 110.1, -2.98, 104.7^68.1^17.3^50.5^18.5^29.3^35.3^35.0^49.3^70.4^9.2^8.7^36.4^52.4^30.4^49.8^19.8^104.7^0.0^0.0^31.9^1.7^49.5^76.8^20.1
241, Tulane, Amer, 6-25, +3.43, 102.6, 109.2, 70.4, -.075, +3.43, 105.1, 101.6, -1.30, 104.7^68.1^17.3^50.5^18.5^29.3^35.3^35.0^49.3^70.4^9.2^8.7^36.4^52.4^30.4^49.8^19.8^104.7^0.0^0.0^31.9^1.7^49.5^76.8^20.1
242, Cleveland St., Horz, 9-22, -1.08, 96.5, 103.1, 65.4, -.090, -1.08, 104.9, 105.9, +4.85, 104.7^68.1^17.3^50.5^18.5^29.3^35.3^35.0^49.3^70.4^9.2^8.7^36.4^52.4^30.4^49.8^19.8^104.7^0.0^0.0^31.9^1.7^49.5^76.8^20.1
243, South Alabama, SB, 14-18, -2.76, 98.7, 105.5, 69.7, +.012, -2.76, 103.7, 106.4, -5.95, 104.7^68.1^17.3^50.5^18.5^29.3^35.3^35.0^49.3^70.4^9.2^8.7^36.4^52.4^30.4^49.8^19.8^104.7^0.0^0.0^31.9^1.7^49.5^76.8^20.1
244, USC Upstate, ASun, 17-16, -4.65, 104.2, 111.1, 68.4, +.016, -4.65, 103.5, 108.2, -1.08, 104.7^68.1^17.3^50.5^18.5^29.3^35.3^35.0^49.3^70.4^9.2^8.7^36.4^52.4^30.4^49.8^19.8^104.7^0.0^0.0^31.9^1.7^49.5^76.8^20.1
245, Little Rock, SB, 15-17, -4.09, 98.3, 105.2, 63.3, +.023, -4.09, 103.6, 107.7, -7.34, 104.7^68.1^17.3^50.5^18.5^29.3^35.3^35.0^49.3^70.4^9.2^8.7^36.4^52.4^30.4^49.8^19.8^104.7^0.0^0.0^31.9^1.7^49.5^76.8^20.1
246, Pacific, WCC, 11-22, +1.02, 99.5, 106.5, 66.5, -.003, +1.02, 105.0, 103.9, -2.65, 104.7^68.1^17.3^50.5^18.5^29.3^35.3^35.0^49.3^70.4^9.2^8.7^36.4^52.4^30.4^49.8^19.8^104.7^0.0^0.0^31.9^1.7^49.5^76.8^20.1
247, Wagner, NEC, 16-14, -8.95, 101.0, 108.0, 62.9, -.024, -8.95, 98.8, 107.8, -1.05, 104.7^68.1^17.3^50.5^18.5^29.3^35.3^35.0^49.3^70.4^9.2^8.7^36.4^52.4^30.4^49.8^19.8^104.7^0.0^0.0^31.9^1.7^49.5^76.8^20.1
248, UNLV, MWC, 11-21, +0.96, 98.3, 105.3, 68.4, -.007, +0.96, 105.2, 104.3, -3.98, 104.7^68.1^17.3^50.5^18.5^29.3^35.3^35.0^49.3^70.4^9.2^8.7^36.4^52.4^30.4^49.8^19.8^104.7^0.0^0.0^31.9^1.7^49.5^76.8^20.1
249, Bowling Green, MAC, 13-19, -1.80, 100.1, 107.2, 70.0, +.010, -1.80, 103.9, 105.7, -6.10, 104.7^68.1^17.3^50.5^18.5^29.3^35.3^35.0^49.3^70.4^9.2^8.7^36.4^52.4^30.4^49.8^19.8^104.7^0.0^0.0^31.9^1.7^49.5^76.8^20.1
250, Drexel, CAA, 9-23, -1.26, 102.9, 110.1, 70.3, -.089, -1.26, 104.6, 105.8, -3.83, 104.7^68.1^17.3^50.5^18.5^29.3^35.3^35.0^49.3^70.4^9.2^8.7^36.4^52.4^30.4^49.8^19.8^104.7^0.0^0.0^31.9^1.7^49.5^76.8^20.1
251, UTSA, CUSA, 14-19, -2.61, 95.4, 102.7, 68.1, +.016, -2.61, 102.7, 105.3, -0.41, 104.7^68.1^17.3^50.5^18.5^29.3^35.3^35.0^49.3^70.4^9.2^8.7^36.4^52.4^30.4^49.8^19.8^104.7^0.0^0.0^31.9^1.7^49.5^76.8^20.1
252, Kennesaw St., ASun, 14-18, -4.81, 102.6, 110.1, 69.4, +.000, -4.81, 103.6, 108.4, -3.58, 104.7^68.1^17.3^50.5^18.5^29.3^35.3^35.0^49.3^70.4^9.2^8.7^36.4^52.4^30.4^49.8^19.8^104.7^0.0^0.0^31.9^1.7^49.5^76.8^20.1
253, LIU Brooklyn, NEC, 20-12, -9.66, 100.2, 107.7, 67.0, +.081, -9.66, 98.6, 108.3, -5.33, 104.7^68.1^17.3^50.5^18.5^29.3^35.3^35.0^49.3^70.4^9.2^8.7^36.4^52.4^30.4^49.8^19.8^104.7^0.0^0.0^31.9^1.7^49.5^76.8^20.1
254, St. Francis PA, NEC, 17-17, -7.98, 102.1, 109.7, 70.3, -.001, -7.98, 100.1, 108.0, -1.18, 104.7^68.1^17.3^50.5^18.5^29.3^35.3^35.0^49.3^70.4^9.2^8.7^36.4^52.4^30.4^49.8^19.8^104.7^0.0^0.0^31.9^1.7^49.5^76.8^20.1
255, North Florida, ASun, 15-19, -0.46, 101.8, 109.5, 69.9, +.025, -0.46, 105.9, 106.4, +6.82, 104.7^68.1^17.3^50.5^18.5^29.3^35.3^35.0^49.3^70.4^9.2^8.7^36.4^52.4^30.4^49.8^19.8^104.7^0.0^0.0^31.9^1.7^49.5^76.8^20.1
256, Niagara, MAAC, 10-23, -3.63, 101.4, 109.3, 69.1, -.067, -3.63, 103.0, 106.6, -4.72, 104.7^68.1^17.3^50.5^18.5^29.3^35.3^35.0^49.3^70.4^9.2^8.7^36.4^52.4^30.4^49.8^19.8^104.7^0.0^0.0^31.9^1.7^49.5^76.8^20.1
257, Tennessee Tech, OVC, 12-20, -3.33, 98.9, 107.0, 68.3, -.058, -3.33, 103.5, 106.9, -2.60, 104.7^68.1^17.3^50.5^18.5^29.3^35.3^35.0^49.3^70.4^9.2^8.7^36.4^52.4^30.4^49.8^19.8^104.7^0.0^0.0^31.9^1.7^49.5^76.8^20.1
258, Drake, MVC, 7-24, +0.96, 103.0, 111.1, 69.7, -.083, +0.96, 104.0, 103.1, -3.43, 104.7^68.1^17.3^50.5^18.5^29.3^35.3^35.0^49.3^70.4^9.2^8.7^36.4^52.4^30.4^49.8^19.8^104.7^0.0^0.0^31.9^1.7^49.5^76.8^20.1
259, Milwaukee, Horz, 11-24, -1.39, 99.9, 108.3, 62.5, -.023, -1.39, 104.2, 105.6, +2.15, 104.7^68.1^17.3^50.5^18.5^29.3^35.3^35.0^49.3^70.4^9.2^8.7^36.4^52.4^30.4^49.8^19.8^104.7^0.0^0.0^31.9^1.7^49.5^76.8^20.1
260, San Diego, WCC, 13-18, -0.88, 100.0, 108.4, 63.3, +.058, -0.88, 104.0, 104.8, -6.68, 104.7^68.1^17.3^50.5^18.5^29.3^35.3^35.0^49.3^70.4^9.2^8.7^36.4^52.4^30.4^49.8^19.8^104.7^0.0^0.0^31.9^1.7^49.5^76.8^20.1
261, Cal St. Fullerton, BW, 17-15, -8.88, 97.0, 105.5, 68.8, +.021, -8.88, 100.0, 108.9, -8.14, 104.7^68.1^17.3^50.5^18.5^29.3^35.3^35.0^49.3^70.4^9.2^8.7^36.4^52.4^30.4^49.8^19.8^104.7^0.0^0.0^31.9^1.7^49.5^76.8^20.1
262, Louisiana Monroe, SB, 9-24, -1.53, 98.3, 106.8, 65.0, -.116, -1.53, 103.6, 105.1, -3.54, 104.7^68.1^17.3^50.5^18.5^29.3^35.3^35.0^49.3^70.4^9.2^8.7^36.4^52.4^30.4^49.8^19.8^104.7^0.0^0.0^31.9^1.7^49.5^76.8^20.1
263, Cornell, Ivy, 8-21, -0.48, 99.7, 108.4, 69.7, -.032, -0.48, 105.3, 105.8, +1.71, 104.7^68.1^17.3^50.5^18.5^29.3^35.3^35.0^49.3^70.4^9.2^8.7^36.4^52.4^30.4^49.8^19.8^104.7^0.0^0.0^31.9^1.7^49.5^76.8^20.1
264, Oregon St., P12, 5-27, +5.87, 97.0, 105.8, 64.6, -.067, +5.87, 108.2, 102.4, -5.07, 104.7^68.1^17.3^50.5^18.5^29.3^35.3^35.0^49.3^70.4^9.2^8.7^36.4^52.4^30.4^49.8^19.8^104.7^0.0^0.0^31.9^1.7^49.5^76.8^20.1
265, Seattle, WAC, 13-17, -4.29, 96.0, 104.7, 67.6, -.023, -4.29, 101.6, 105.9, -6.58, 104.7^68.1^17.3^50.5^18.5^29.3^35.3^35.0^49.3^70.4^9.2^8.7^36.4^52.4^30.4^49.8^19.8^104.7^0.0^0.0^31.9^1.7^49.5^76.8^20.1
266, Robert Morris, NEC, 14-19, -5.36, 91.6, 100.4, 68.8, +.032, -5.36, 101.3, 106.6, +3.99, 104.7^68.1^17.3^50.5^18.5^29.3^35.3^35.0^49.3^70.4^9.2^8.7^36.4^52.4^30.4^49.8^19.8^104.7^0.0^0.0^31.9^1.7^49.5^76.8^20.1
267, Fairleigh Dickinson, NEC, 11-19, -5.02, 103.1, 111.9, 69.0, -.050, -5.02, 100.5, 105.6, +7.64, 104.7^68.1^17.3^50.5^18.5^29.3^35.3^35.0^49.3^70.4^9.2^8.7^36.4^52.4^30.4^49.8^19.8^104.7^0.0^0.0^31.9^1.7^49.5^76.8^20.1
268, Colgate, Pat, 10-22, -2.84, 98.8, 107.6, 65.1, -.013, -2.84, 102.6, 105.4, -1.04, 104.7^68.1^17.3^50.5^18.5^29.3^35.3^35.0^49.3^70.4^9.2^8.7^36.4^52.4^30.4^49.8^19.8^104.7^0.0^0.0^31.9^1.7^49.5^76.8^20.1
269, Hawaii, BW, 14-16, -8.18, 97.0, 106.0, 67.1, -.012, -8.18, 99.2, 107.4, -5.89, 104.7^68.1^17.3^50.5^18.5^29.3^35.3^35.0^49.3^70.4^9.2^8.7^36.4^52.4^30.4^49.8^19.8^104.7^0.0^0.0^31.9^1.7^49.5^76.8^20.1
270, High Point, BSth, 15-16, -6.40, 98.9, 108.1, 65.7, -.004, -6.40, 101.1, 107.5, -0.27, 104.7^68.1^17.3^50.5^18.5^29.3^35.3^35.0^49.3^70.4^9.2^8.7^36.4^52.4^30.4^49.8^19.8^104.7^0.0^0.0^31.9^1.7^49.5^76.8^20.1
271, Florida Atlantic, CUSA, 10-20, -2.70, 98.6, 107.9, 68.9, -.037, -2.70, 103.2, 105.9, -1.66, 104.7^68.1^17.3^50.5^18.5^29.3^35.3^35.0^49.3^70.4^9.2^8.7^36.4^52.4^30.4^49.8^19.8^104.7^0.0^0.0^31.9^1.7^49.5^76.8^20.1
272, Eastern Kentucky, OVC, 12-19, -1.89, 98.4, 107.9, 67.6, +.015, -1.89, 104.8, 106.7, +0.22, 104.7^68.1^17.3^50.5^18.5^29.3^35.3^35.0^49.3^70.4^9.2^8.7^36.4^52.4^30.4^49.8^19.8^104.7^0.0^0.0^31.9^1.7^49.5^76.8^20.1
273, Saint Louis, A10, 12-21, +0.81, 95.4, 105.0, 63.5, +.082, +0.81, 105.2, 104.4, -5.01, 104.7^68.1^17.3^50.5^18.5^29.3^35.3^35.0^49.3^70.4^9.2^8.7^36.4^52.4^30.4^49.8^19.8^104.7^0.0^0.0^31.9^1.7^49.5^76.8^20.1
274, Appalachian St., SB, 9-21, -0.76, 99.5, 109.2, 70.5, -.039, -0.76, 103.9, 104.7, -0.49, 104.7^68.1^17.3^50.5^18.5^29.3^35.3^35.0^49.3^70.4^9.2^8.7^36.4^52.4^30.4^49.8^19.8^104.7^0.0^0.0^31.9^1.7^49.5^76.8^20.1
275, Jacksonville, ASun, 17-16, -7.85, 102.3, 111.9, 67.9, +.002, -7.85, 102.4, 110.3, -9.11, 104.7^68.1^17.3^50.5^18.5^29.3^35.3^35.0^49.3^70.4^9.2^8.7^36.4^52.4^30.4^49.8^19.8^104.7^0.0^0.0^31.9^1.7^49.5^76.8^20.1
276, FIU, CUSA, 7-24, -3.96, 102.9, 112.5, 65.0, -.171, -3.96, 102.0, 105.9, -4.87, 104.7^68.1^17.3^50.5^18.5^29.3^35.3^35.0^49.3^70.4^9.2^8.7^36.4^52.4^30.4^49.8^19.8^104.7^0.0^0.0^31.9^1.7^49.5^76.8^20.1
277, Brown, Ivy, 13-17, -5.52, 104.1, 114.0, 71.3, +.017, -5.52, 101.3, 106.8, -9.67, 104.7^68.1^17.3^50.5^18.5^29.3^35.3^35.0^49.3^70.4^9.2^8.7^36.4^52.4^30.4^49.8^19.8^104.7^0.0^0.0^31.9^1.7^49.5^76.8^20.1
278, Campbell, BSth, 19-18, -7.98, 100.4, 110.4, 65.7, +.029, -7.98, 101.3, 109.3, -5.63, 104.7^68.1^17.3^50.5^18.5^29.3^35.3^35.0^49.3^70.4^9.2^8.7^36.4^52.4^30.4^49.8^19.8^104.7^0.0^0.0^31.9^1.7^49.5^76.8^20.1
279, Miami OH, MAC, 11-21, -2.31, 95.9, 106.0, 68.6, +.052, -2.31, 104.3, 106.7, -6.71, 104.7^68.1^17.3^50.5^18.5^29.3^35.3^35.0^49.3^70.4^9.2^8.7^36.4^52.4^30.4^49.8^19.8^104.7^0.0^0.0^31.9^1.7^49.5^76.8^20.1
280, Portland, WCC, 11-22, +0.86, 98.7, 108.9, 65.8, +.011, +0.86, 105.0, 104.1, -3.81, 104.7^68.1^17.3^50.5^18.5^29.3^35.3^35.0^49.3^70.4^9.2^8.7^36.4^52.4^30.4^49.8^19.8^104.7^0.0^0.0^31.9^1.7^49.5^76.8^20.1
281, Bryant, NEC, 12-20, -6.34, 101.7, 112.0, 69.1, -.014, -6.34, 100.6, 107.0, +3.00, 104.7^68.1^17.3^50.5^18.5^29.3^35.3^35.0^49.3^70.4^9.2^8.7^36.4^52.4^30.4^49.8^19.8^104.7^0.0^0.0^31.9^1.7^49.5^76.8^20.1
282, Youngstown St., Horz, 13-21, -2.30, 102.6, 112.9, 71.7, +.077, -2.30, 103.2, 105.5, -1.84, 104.7^68.1^17.3^50.5^18.5^29.3^35.3^35.0^49.3^70.4^9.2^8.7^36.4^52.4^30.4^49.8^19.8^104.7^0.0^0.0^31.9^1.7^49.5^76.8^20.1
283, Northern Colorado, BSky, 11-18, -4.29, 96.6, 106.9, 68.5, -.027, -4.29, 103.9, 108.2, +8.65, 104.7^68.1^17.3^50.5^18.5^29.3^35.3^35.0^49.3^70.4^9.2^8.7^36.4^52.4^30.4^49.8^19.8^104.7^0.0^0.0^31.9^1.7^49.5^76.8^20.1
284, Cal St. Northridge, BW, 11-19, -6.13, 104.1, 114.6, 72.7, -.032, -6.13, 99.9, 106.0, +0.49, 104.7^68.1^17.3^50.5^18.5^29.3^35.3^35.0^49.3^70.4^9.2^8.7^36.4^52.4^30.4^49.8^19.8^104.7^0.0^0.0^31.9^1.7^49.5^76.8^20.1
285, Alcorn St., SWAC, 18-14, -11.09, 95.5, 106.0, 67.8, +.048, -11.09, 98.1, 109.2, +11.03, 104.7^68.1^17.3^50.5^18.5^29.3^35.3^35.0^49.3^70.4^9.2^8.7^36.4^52.4^30.4^49.8^19.8^104.7^0.0^0.0^31.9^1.7^49.5^76.8^20.1
286, NJIT, ASun, 11-20, -3.43, 98.7, 109.2, 67.6, +.029, -3.43, 104.6, 108.1, -0.42, 104.7^68.1^17.3^50.5^18.5^29.3^35.3^35.0^49.3^70.4^9.2^8.7^36.4^52.4^30.4^49.8^19.8^104.7^0.0^0.0^31.9^1.7^49.5^76.8^20.1
287, Manhattan, MAAC, 10-22, -2.38, 97.0, 107.6, 68.9, -.000, -2.38, 103.6, 106.0, -0.96, 104.7^68.1^17.3^50.5^18.5^29.3^35.3^35.0^49.3^70.4^9.2^8.7^36.4^52.4^30.4^49.8^19.8^104.7^0.0^0.0^31.9^1.7^49.5^76.8^20.1
288, The Citadel, SC, 12-21, -1.63, 105.5, 116.5, 79.7, +.023, -1.63, 104.7, 106.3, -2.45, 104.7^68.1^17.3^50.5^18.5^29.3^35.3^35.0^49.3^70.4^9.2^8.7^36.4^52.4^30.4^49.8^19.8^104.7^0.0^0.0^31.9^1.7^49.5^76.8^20.1
289, Austin Peay, OVC, 11-19, -2.03, 106.2, 117.3, 70.0, +.040, -2.03, 104.6, 106.6, +2.82, 104.7^68.1^17.3^50.5^18.5^29.3^35.3^35.0^49.3^70.4^9.2^8.7^36.4^52.4^30.4^49.8^19.8^104.7^0.0^0.0^31.9^1.7^49.5^76.8^20.1
290, Delaware, CAA, 13-20, -0.10, 97.3, 108.5, 64.8, +.089, -0.10, 106.4, 106.5, -3.17, 104.7^68.1^17.3^50.5^18.5^29.3^35.3^35.0^49.3^70.4^9.2^8.7^36.4^52.4^30.4^49.8^19.8^104.7^0.0^0.0^31.9^1.7^49.5^76.8^20.1
291, Sacramento St., BSky, 13-18, -5.52, 100.9, 112.2, 65.5, +.045, -5.52, 102.8, 108.3, +1.68, 104.7^68.1^17.3^50.5^18.5^29.3^35.3^35.0^49.3^70.4^9.2^8.7^36.4^52.4^30.4^49.8^19.8^104.7^0.0^0.0^31.9^1.7^49.5^76.8^20.1
292, South Florida, Amer, 7-23, +1.34, 96.4, 107.7, 68.8, -.021, +1.34, 104.1, 102.8, -7.82, 104.7^68.1^17.3^50.5^18.5^29.3^35.3^35.0^49.3^70.4^9.2^8.7^36.4^52.4^30.4^49.8^19.8^104.7^0.0^0.0^31.9^1.7^49.5^76.8^20.1
293, Northwestern St., Slnd, 13-16, -5.18, 101.1, 112.5, 71.3, +.028, -5.18, 101.4, 106.6, +6.99, 104.7^68.1^17.3^50.5^18.5^29.3^35.3^35.0^49.3^70.4^9.2^8.7^36.4^52.4^30.4^49.8^19.8^104.7^0.0^0.0^31.9^1.7^49.5^76.8^20.1
294, Quinnipiac, MAAC, 10-21, -3.24, 101.6, 113.0, 73.2, +.027, -3.24, 102.8, 106.0, -3.67, 104.7^68.1^17.3^50.5^18.5^29.3^35.3^35.0^49.3^70.4^9.2^8.7^36.4^52.4^30.4^49.8^19.8^104.7^0.0^0.0^31.9^1.7^49.5^76.8^20.1
295, UMass Lowell, AE, 11-20, -6.60, 104.3, 115.8, 71.8, -.036, -6.60, 101.0, 107.6, -6.75, 104.7^68.1^17.3^50.5^18.5^29.3^35.3^35.0^49.3^70.4^9.2^8.7^36.4^52.4^30.4^49.8^19.8^104.7^0.0^0.0^31.9^1.7^49.5^76.8^20.1
296, Radford, BSth, 14-18, -4.34, 96.1, 107.8, 64.0, +.060, -4.34, 103.4, 107.7, +8.30, 104.7^68.1^17.3^50.5^18.5^29.3^35.3^35.0^49.3^70.4^9.2^8.7^36.4^52.4^30.4^49.8^19.8^104.7^0.0^0.0^31.9^1.7^49.5^76.8^20.1
297, Western Illinois, Sum, 8-20, -1.91, 97.1, 108.9, 68.8, -.035, -1.91, 105.0, 106.9, -2.98, 104.7^68.1^17.3^50.5^18.5^29.3^35.3^35.0^49.3^70.4^9.2^8.7^36.4^52.4^30.4^49.8^19.8^104.7^0.0^0.0^31.9^1.7^49.5^76.8^20.1
298, Abilene Christian, Slnd, 13-16, -5.96, 97.0, 108.8, 65.8, +.049, -5.96, 101.7, 107.6, +1.15, 104.7^68.1^17.3^50.5^18.5^29.3^35.3^35.0^49.3^70.4^9.2^8.7^36.4^52.4^30.4^49.8^19.8^104.7^0.0^0.0^31.9^1.7^49.5^76.8^20.1
299, Norfolk St., MEAC, 17-17, -9.52, 94.2, 106.1, 68.8, +.069, -9.52, 99.7, 109.2, +6.02, 104.7^68.1^17.3^50.5^18.5^29.3^35.3^35.0^49.3^70.4^9.2^8.7^36.4^52.4^30.4^49.8^19.8^104.7^0.0^0.0^31.9^1.7^49.5^76.8^20.1
300, UT Rio Grande Valley, WAC, 10-22, -2.80, 100.9, 112.9, 73.9, -.037, -2.80, 102.0, 104.8, -3.00, 104.7^68.1^17.3^50.5^18.5^29.3^35.3^35.0^49.3^70.4^9.2^8.7^36.4^52.4^30.4^49.8^19.8^104.7^0.0^0.0^31.9^1.7^49.5^76.8^20.1
301, Sacred Heart, NEC, 13-19, -8.68, 97.6, 109.7, 71.1, +.018, -8.68, 99.2, 107.9, -5.34, 104.7^68.1^17.3^50.5^18.5^29.3^35.3^35.0^49.3^70.4^9.2^8.7^36.4^52.4^30.4^49.8^19.8^104.7^0.0^0.0^31.9^1.7^49.5^76.8^20.1
302, Detroit, Horz, 8-23, -1.37, 102.3, 114.5, 72.6, +.016, -1.37, 103.7, 105.1, +2.32, 104.7^68.1^17.3^50.5^18.5^29.3^35.3^35.0^49.3^70.4^9.2^8.7^36.4^52.4^30.4^49.8^19.8^104.7^0.0^0.0^31.9^1.7^49.5^76.8^20.1
303, Pepperdine, WCC, 9-22, +1.03, 102.0, 114.2, 68.5, +.026, +1.03, 105.6, 104.6, -1.67, 104.7^68.1^17.3^50.5^18.5^29.3^35.3^35.0^49.3^70.4^9.2^8.7^36.4^52.4^30.4^49.8^19.8^104.7^0.0^0.0^31.9^1.7^49.5^76.8^20.1
304, Incarnate Word, Slnd, 12-17, -5.24, 101.7, 114.3, 71.8, +.032, -5.24, 101.2, 106.5, +4.08, 104.7^68.1^17.3^50.5^18.5^29.3^35.3^35.0^49.3^70.4^9.2^8.7^36.4^52.4^30.4^49.8^19.8^104.7^0.0^0.0^31.9^1.7^49.5^76.8^20.1
305, Dartmouth, Ivy, 7-20, -3.06, 99.2, 112.1, 67.4, +.032, -3.06, 102.4, 105.4, -4.48, 104.7^68.1^17.3^50.5^18.5^29.3^35.3^35.0^49.3^70.4^9.2^8.7^36.4^52.4^30.4^49.8^19.8^104.7^0.0^0.0^31.9^1.7^49.5^76.8^20.1
306, Cal Poly, BW, 11-20, -4.19, 100.1, 113.0, 65.3, +.013, -4.19, 100.7, 104.9, +2.74, 104.7^68.1^17.3^50.5^18.5^29.3^35.3^35.0^49.3^70.4^9.2^8.7^36.4^52.4^30.4^49.8^19.8^104.7^0.0^0.0^31.9^1.7^49.5^76.8^20.1
307, American, Pat, 8-22, -4.21, 95.2, 108.1, 64.3, -.017, -4.21, 101.6, 105.8, -4.47, 104.7^68.1^17.3^50.5^18.5^29.3^35.3^35.0^49.3^70.4^9.2^8.7^36.4^52.4^30.4^49.8^19.8^104.7^0.0^0.0^31.9^1.7^49.5^76.8^20.1
308, Central Arkansas, Slnd, 8-24, -3.28, 104.0, 117.5, 71.1, -.014, -3.28, 103.1, 106.3, +6.65, 104.7^68.1^17.3^50.5^18.5^29.3^35.3^35.0^49.3^70.4^9.2^8.7^36.4^52.4^30.4^49.8^19.8^104.7^0.0^0.0^31.9^1.7^49.5^76.8^20.1
309, Charleston Southern, BSth, 12-19, -5.98, 103.2, 116.7, 68.2, +.007, -5.98, 101.0, 107.0, +3.84, 104.7^68.1^17.3^50.5^18.5^29.3^35.3^35.0^49.3^70.4^9.2^8.7^36.4^52.4^30.4^49.8^19.8^104.7^0.0^0.0^31.9^1.7^49.5^76.8^20.1
310, Hampton, MEAC, 14-17, -10.05, 93.4, 106.9, 68.6, +.018, -10.05, 99.1, 109.1, +1.70, 104.7^68.1^17.3^50.5^18.5^29.3^35.3^35.0^49.3^70.4^9.2^8.7^36.4^52.4^30.4^49.8^19.8^104.7^0.0^0.0^31.9^1.7^49.5^76.8^20.1
311, UC Riverside, BW, 8-21, -4.78, 92.3, 105.9, 67.9, -.055, -4.78, 101.4, 106.2, +1.84, 104.7^68.1^17.3^50.5^18.5^29.3^35.3^35.0^49.3^70.4^9.2^8.7^36.4^52.4^30.4^49.8^19.8^104.7^0.0^0.0^31.9^1.7^49.5^76.8^20.1
312, Marist, MAAC, 8-24, -1.94, 100.7, 114.3, 66.9, +.013, -1.94, 104.2, 106.1, -0.37, 104.7^68.1^17.3^50.5^18.5^29.3^35.3^35.0^49.3^70.4^9.2^8.7^36.4^52.4^30.4^49.8^19.8^104.7^0.0^0.0^31.9^1.7^49.5^76.8^20.1
313, Prairie View A&M, SWAC, 13-20, -8.65, 98.0, 111.6, 67.6, -.017, -8.65, 99.4, 108.1, +11.49, 104.7^68.1^17.3^50.5^18.5^29.3^35.3^35.0^49.3^70.4^9.2^8.7^36.4^52.4^30.4^49.8^19.8^104.7^0.0^0.0^31.9^1.7^49.5^76.8^20.1
314, Binghamton, AE, 12-20, -5.33, 96.3, 110.0, 65.9, -.009, -5.33, 102.2, 107.5, -4.69, 104.7^68.1^17.3^50.5^18.5^29.3^35.3^35.0^49.3^70.4^9.2^8.7^36.4^52.4^30.4^49.8^19.8^104.7^0.0^0.0^31.9^1.7^49.5^76.8^20.1
315, Nicholls St., Slnd, 14-17, -3.88, 100.4, 114.2, 69.4, +.089, -3.88, 103.0, 106.9, +7.91, 104.7^68.1^17.3^50.5^18.5^29.3^35.3^35.0^49.3^70.4^9.2^8.7^36.4^52.4^30.4^49.8^19.8^104.7^0.0^0.0^31.9^1.7^49.5^76.8^20.1
316, McNeese St., Slnd, 7-22, -3.42, 96.3, 110.3, 69.9, -.057, -3.42, 103.2, 106.6, +7.94, 104.7^68.1^17.3^50.5^18.5^29.3^35.3^35.0^49.3^70.4^9.2^8.7^36.4^52.4^30.4^49.8^19.8^104.7^0.0^0.0^31.9^1.7^49.5^76.8^20.1
317, Savannah St., MEAC, 13-16, -10.10, 100.6, 114.7, 81.0, +.054, -10.10, 98.8, 108.9, +6.75, 104.7^68.1^17.3^50.5^18.5^29.3^35.3^35.0^49.3^70.4^9.2^8.7^36.4^52.4^30.4^49.8^19.8^104.7^0.0^0.0^31.9^1.7^49.5^76.8^20.1
318, SIU Edwardsville, OVC, 6-24, -3.04, 95.0, 109.2, 69.2, -.041, -3.04, 104.2, 107.2, -0.01, 104.7^68.1^17.3^50.5^18.5^29.3^35.3^35.0^49.3^70.4^9.2^8.7^36.4^52.4^30.4^49.8^19.8^104.7^0.0^0.0^31.9^1.7^49.5^76.8^20.1
319, Stetson, ASun, 11-21, -5.23, 100.9, 115.4, 72.4, -.002, -5.23, 102.8, 108.0, -5.51, 104.7^68.1^17.3^50.5^18.5^29.3^35.3^35.0^49.3^70.4^9.2^8.7^36.4^52.4^30.4^49.8^19.8^104.7^0.0^0.0^31.9^1.7^49.5^76.8^20.1
320, North Texas, CUSA, 8-22, -4.66, 96.3, 110.8, 70.2, -.080, -4.66, 101.5, 106.2, -8.18, 104.7^68.1^17.3^50.5^18.5^29.3^35.3^35.0^49.3^70.4^9.2^8.7^36.4^52.4^30.4^49.8^19.8^104.7^0.0^0.0^31.9^1.7^49.5^76.8^20.1
321, Maryland Eastern Shore, MEAC, 14-20, -7.48, 97.8, 112.7, 68.5, +.039, -7.48, 100.7, 108.2, +8.64, 104.7^68.1^17.3^50.5^18.5^29.3^35.3^35.0^49.3^70.4^9.2^8.7^36.4^52.4^30.4^49.8^19.8^104.7^0.0^0.0^31.9^1.7^49.5^76.8^20.1
322, Western Carolina, SC, 9-23, +1.01, 90.0, 105.1, 66.8, +.027, +1.01, 106.6, 105.6, +5.83, 104.7^68.1^17.3^50.5^18.5^29.3^35.3^35.0^49.3^70.4^9.2^8.7^36.4^52.4^30.4^49.8^19.8^104.7^0.0^0.0^31.9^1.7^49.5^76.8^20.1
323, Northern Arizona, BSky, 9-23, -6.17, 95.1, 110.4, 69.2, -.016, -6.17, 101.9, 108.1, -3.31, 104.7^68.1^17.3^50.5^18.5^29.3^35.3^35.0^49.3^70.4^9.2^8.7^36.4^52.4^30.4^49.8^19.8^104.7^0.0^0.0^31.9^1.7^49.5^76.8^20.1
324, Morgan St., MEAC, 14-16, -12.66, 91.2, 106.6, 67.7, +.038, -12.66, 98.1, 110.7, -3.20, 104.7^68.1^17.3^50.5^18.5^29.3^35.3^35.0^49.3^70.4^9.2^8.7^36.4^52.4^30.4^49.8^19.8^104.7^0.0^0.0^31.9^1.7^49.5^76.8^20.1
325, Southern Miss, CUSA, 9-22, -3.41, 93.0, 108.5, 65.5, -.032, -3.41, 102.3, 105.7, -3.60, 104.7^68.1^17.3^50.5^18.5^29.3^35.3^35.0^49.3^70.4^9.2^8.7^36.4^52.4^30.4^49.8^19.8^104.7^0.0^0.0^31.9^1.7^49.5^76.8^20.1
326, Southern, SWAC, 15-18, -12.49, 97.9, 113.6, 68.5, +.038, -12.49, 96.7, 109.2, +1.38, 104.7^68.1^17.3^50.5^18.5^29.3^35.3^35.0^49.3^70.4^9.2^8.7^36.4^52.4^30.4^49.8^19.8^104.7^0.0^0.0^31.9^1.7^49.5^76.8^20.1
327, Grambling St., SWAC, 15-17, -12.33, 96.5, 112.7, 67.1, +.049, -12.33, 97.5, 109.9, -0.83, 104.7^68.1^17.3^50.5^18.5^29.3^35.3^35.0^49.3^70.4^9.2^8.7^36.4^52.4^30.4^49.8^19.8^104.7^0.0^0.0^31.9^1.7^49.5^76.8^20.1
328, VMI, SC, 6-24, -0.28, 97.6, 113.8, 69.1, -.034, -0.28, 105.6, 105.8, +0.51, 104.7^68.1^17.3^50.5^18.5^29.3^35.3^35.0^49.3^70.4^9.2^8.7^36.4^52.4^30.4^49.8^19.8^104.7^0.0^0.0^31.9^1.7^49.5^76.8^20.1
329, Jackson St., SWAC, 14-18, -11.84, 92.8, 109.1, 64.3, +.032, -11.84, 98.1, 109.9, +2.06, 104.7^68.1^17.3^50.5^18.5^29.3^35.3^35.0^49.3^70.4^9.2^8.7^36.4^52.4^30.4^49.8^19.8^104.7^0.0^0.0^31.9^1.7^49.5^76.8^20.1
330, Lafayette, Pat, 9-21, -3.76, 96.6, 113.3, 69.3, +.059, -3.76, 100.9, 104.7, -3.93, 104.7^68.1^17.3^50.5^18.5^29.3^35.3^35.0^49.3^70.4^9.2^8.7^36.4^52.4^30.4^49.8^19.8^104.7^0.0^0.0^31.9^1.7^49.5^76.8^20.1
331, UC Santa Barbara, BW, 6-22, -2.90, 91.3, 109.2, 64.1, +.009, -2.90, 102.4, 105.3, +6.96, 104.7^68.1^17.3^50.5^18.5^29.3^35.3^35.0^49.3^70.4^9.2^8.7^36.4^52.4^30.4^49.8^19.8^104.7^0.0^0.0^31.9^1.7^49.5^76.8^20.1
332, Idaho St., BSky, 6-26, -2.67, 97.9, 115.8, 68.9, -.053, -2.67, 104.3, 107.0, +4.84, 104.7^68.1^17.3^50.5^18.5^29.3^35.3^35.0^49.3^70.4^9.2^8.7^36.4^52.4^30.4^49.8^19.8^104.7^0.0^0.0^31.9^1.7^49.5^76.8^20.1
333, Southern Utah, BSky, 6-27, -5.16, 101.3, 119.7, 71.4, -.014, -5.16, 102.2, 107.4, -1.35, 104.7^68.1^17.3^50.5^18.5^29.3^35.3^35.0^49.3^70.4^9.2^8.7^36.4^52.4^30.4^49.8^19.8^104.7^0.0^0.0^31.9^1.7^49.5^76.8^20.1
334, Hartford, AE, 9-23, -5.68, 92.5, 110.9, 68.5, +.073, -5.68, 101.9, 107.6, -6.59, 104.7^68.1^17.3^50.5^18.5^29.3^35.3^35.0^49.3^70.4^9.2^8.7^36.4^52.4^30.4^49.8^19.8^104.7^0.0^0.0^31.9^1.7^49.5^76.8^20.1
335, Chicago St., WAC, 6-26, +2.04, 92.3, 110.9, 67.1, -.009, +2.04, 104.9, 102.9, +5.59, 104.7^68.1^17.3^50.5^18.5^29.3^35.3^35.0^49.3^70.4^9.2^8.7^36.4^52.4^30.4^49.8^19.8^104.7^0.0^0.0^31.9^1.7^49.5^76.8^20.1
336, South Carolina St., MEAC, 11-20, -6.44, 99.0, 118.5, 68.3, +.067, -6.44, 100.6, 107.1, +16.17, 104.7^68.1^17.3^50.5^18.5^29.3^35.3^35.0^49.3^70.4^9.2^8.7^36.4^52.4^30.4^49.8^19.8^104.7^0.0^0.0^31.9^1.7^49.5^76.8^20.1
337, Maine, AE, 7-25, -3.76, 91.1, 110.7, 68.0, +.005, -3.76, 103.4, 107.2, -2.96, 104.7^68.1^17.3^50.5^18.5^29.3^35.3^35.0^49.3^70.4^9.2^8.7^36.4^52.4^30.4^49.8^19.8^104.7^0.0^0.0^31.9^1.7^49.5^76.8^20.1
338, Howard, MEAC, 10-24, -7.93, 90.4, 110.2, 68.1, -.022, -7.93, 100.6, 108.5, +8.33, 104.7^68.1^17.3^50.5^18.5^29.3^35.3^35.0^49.3^70.4^9.2^8.7^36.4^52.4^30.4^49.8^19.8^104.7^0.0^0.0^31.9^1.7^49.5^76.8^20.1
339, Delaware St., MEAC, 10-22, -9.05, 94.2, 114.3, 65.8, +.007, -9.05, 100.4, 109.5, +3.33, 104.7^68.1^17.3^50.5^18.5^29.3^35.3^35.0^49.3^70.4^9.2^8.7^36.4^52.4^30.4^49.8^19.8^104.7^0.0^0.0^31.9^1.7^49.5^76.8^20.1
340, Bethune Cookman, MEAC, 10-22, -11.77, 95.0, 115.4, 68.3, -.011, -11.77, 98.5, 110.3, -2.61, 104.7^68.1^17.3^50.5^18.5^29.3^35.3^35.0^49.3^70.4^9.2^8.7^36.4^52.4^30.4^49.8^19.8^104.7^0.0^0.0^31.9^1.7^49.5^76.8^20.1
341, Central Connecticut, NEC, 6-23, -8.26, 93.0, 113.9, 64.9, -.023, -8.26, 99.3, 107.6, -4.07, 104.7^68.1^17.3^50.5^18.5^29.3^35.3^35.0^49.3^70.4^9.2^8.7^36.4^52.4^30.4^49.8^19.8^104.7^0.0^0.0^31.9^1.7^49.5^76.8^20.1
342, Alabama St., SWAC, 8-23, -9.97, 91.1, 112.8, 68.4, -.007, -9.97, 99.0, 109.0, +2.65, 104.7^68.1^17.3^50.5^18.5^29.3^35.3^35.0^49.3^70.4^9.2^8.7^36.4^52.4^30.4^49.8^19.8^104.7^0.0^0.0^31.9^1.7^49.5^76.8^20.1
343, Coppin St., MEAC, 8-24, -7.35, 93.6, 115.6, 68.8, +.002, -7.35, 100.5, 107.9, +7.37, 104.7^68.1^17.3^50.5^18.5^29.3^35.3^35.0^49.3^70.4^9.2^8.7^36.4^52.4^30.4^49.8^19.8^104.7^0.0^0.0^31.9^1.7^49.5^76.8^20.1
344, Mississippi Valley St., SWAC, 7-25, -6.99, 95.8, 118.3, 71.3, +.025, -6.99, 100.3, 107.3, +11.61, 104.7^68.1^17.3^50.5^18.5^29.3^35.3^35.0^49.3^70.4^9.2^8.7^36.4^52.4^30.4^49.8^19.8^104.7^0.0^0.0^31.9^1.7^49.5^76.8^20.1
345, Florida A&M, MEAC, 6-23, -13.29, 93.6, 116.2, 69.3, -.085, -13.29, 97.6, 110.8, -4.68, 104.7^68.1^17.3^50.5^18.5^29.3^35.3^35.0^49.3^70.4^9.2^8.7^36.4^52.4^30.4^49.8^19.8^104.7^0.0^0.0^31.9^1.7^49.5^76.8^20.1
346, St. Francis NY, NEC, 4-27, -7.12, 87.9, 112.1, 67.2, -.037, -7.12, 100.7, 107.8, -1.44, 104.7^68.1^17.3^50.5^18.5^29.3^35.3^35.0^49.3^70.4^9.2^8.7^36.4^52.4^30.4^49.8^19.8^104.7^0.0^0.0^31.9^1.7^49.5^76.8^20.1
347, Longwood, BSth, 6-24, -5.80, 92.2, 117.3, 70.5, +.017, -5.80, 101.5, 107.3, -0.55, 104.7^68.1^17.3^50.5^18.5^29.3^35.3^35.0^49.3^70.4^9.2^8.7^36.4^52.4^30.4^49.8^19.8^104.7^0.0^0.0^31.9^1.7^49.5^76.8^20.1
348, Arkansas Pine Bluff, SWAC, 7-25, -9.35, 85.7, 111.0, 67.6, -.010, -9.35, 100.4, 109.7, +2.79, 104.7^68.1^17.3^50.5^18.5^29.3^35.3^35.0^49.3^70.4^9.2^8.7^36.4^52.4^30.4^49.8^19.8^104.7^0.0^0.0^31.9^1.7^49.5^76.8^20.1
349, North Carolina A&T, MEAC, 3-29, -9.40, 95.4, 123.1, 62.8, -.086, -9.40, 98.7, 108.1, +0.08, 104.7^68.1^17.3^50.5^18.5^29.3^35.3^35.0^49.3^70.4^9.2^8.7^36.4^52.4^30.4^49.8^19.8^104.7^0.0^0.0^31.9^1.7^49.5^76.8^20.1
350, Presbyterian, BSth, 5-25, -4.36, 88.9, 118.1, 64.1, +.018, -4.36, 102.8, 107.1, +2.25, 104.7^68.1^17.3^50.5^18.5^29.3^35.3^35.0^49.3^70.4^9.2^8.7^36.4^52.4^30.4^49.8^19.8^104.7^0.0^0.0^31.9^1.7^49.5^76.8^20.1
351, Alabama A&M, SWAC, 2-27, -10.15, 91.4, 121.8, 64.3, -.075, -10.15, 98.7, 108.9, +1.08, 104.7^68.1^17.3^50.5^18.5^29.3^35.3^35.0^49.3^70.4^9.2^8.7^36.4^52.4^30.4^49.8^19.8^104.7^0.0^0.0^31.9^1.7^49.5^76.8^20.1